t_1	1_1
t_2	1_1
t_3	1_1
t_4	1_1
t_5	1_1
t_6	1_1
t_7	1_1
t_8	1_1
t_9	1_1
t_10	1_1
t_11	1_1
t_12	1_1
t_13	1_2
t_14	1_2
t_15	1_2
t_16	1_2
t_17	1_2
t_18	1_2
t_19	1_2
t_20	1_2
t_21	1_2
t_22	1_3
t_23	1_3
t_24	1_3
t_25	1_3
t_26	1_3
t_27	1_3
t_28	1_3
t_29	1_3
t_30	1_3
t_31	1_3
t_32	1_3
t_33	1_3
t_34	1_3
t_35	1_4
t_36	1_4
t_37	1_4
t_38	1_4
t_39	1_4
t_40	1_4
t_41	1_4
t_42	1_4
t_43	1_4
t_44	1_4
t_45	1_4
t_46	1_4
t_47	1_4
t_48	1_4
t_49	1_4
t_50	1_4
t_51	1_4
t_52	1_4
t_53	1_4
t_54	1_5
t_55	1_5
t_56	1_5
t_57	1_5
t_58	1_5
t_59	1_5
t_60	1_5
t_61	1_5
t_62	1_5
t_63	1_5
t_64	1_5
t_65	1_5
t_66	1_5
t_67	1_5
t_68	1_5
t_69	1_5
t_70	1_5
t_71	1_5
t_72	1_6
t_73	1_6
t_74	1_6
t_75	1_6
t_76	1_6
t_77	1_6
t_78	1_6
t_79	1_6
t_80	1_6
t_81	1_7
t_82	1_7
t_83	1_7
t_84	1_7
t_85	1_7
t_86	1_7
t_87	1_7
t_88	1_7
t_89	1_7
t_90	1_7
t_91	1_7
t_92	1_7
t_93	1_7
t_94	1_7
t_95	1_7
t_96	1_7
t_97	1_7
t_98	1_7
t_99	1_7
t_100	1_7
t_101	1_7
t_102	1_7
t_103	1_7
t_104	1_7
t_105	1_8
t_106	1_8
t_107	1_8
t_108	1_8
t_109	1_8
t_110	1_8
t_111	1_8
t_112	1_8
t_113	1_8
t_114	1_8
t_115	1_8
t_116	1_8
t_117	1_8
t_118	1_8
t_119	1_8
t_120	1_8
t_121	1_8
t_122	1_8
t_123	1_8
t_124	1_8
t_125	1_8
t_126	1_8
t_127	1_8
t_128	1_9
t_129	1_9
t_130	1_9
t_131	1_9
t_132	1_9
t_133	1_9
t_134	1_9
t_135	1_9
t_136	1_9
t_137	1_9
t_138	1_9
t_139	1_9
t_140	1_9
t_141	1_9
t_142	1_9
t_143	1_9
t_144	1_9
t_145	1_9
t_146	1_9
t_147	1_9
t_148	1_9
t_149	1_9
t_150	1_9
t_151	1_9
t_152	1_9
t_153	1_10
t_154	1_10
t_155	1_10
t_156	1_10
t_157	1_10
t_158	1_10
t_159	1_10
t_160	1_10
t_161	1_10
t_162	1_10
t_163	1_10
t_164	1_10
t_165	1_10
t_166	1_10
t_167	1_10
t_168	1_10
t_169	1_10
t_170	1_10
t_171	1_10
t_172	1_10
t_173	1_10
t_174	1_11
t_175	1_11
t_176	1_11
t_177	1_11
t_178	1_11
t_179	1_11
t_180	1_11
t_181	1_11
t_182	1_11
t_183	1_11
t_184	1_11
t_185	1_11
t_186	1_11
t_187	1_11
t_188	1_11
t_189	1_11
t_190	1_12
t_191	1_12
t_192	1_12
t_193	1_12
t_194	1_12
t_195	1_12
t_196	1_12
t_197	1_12
t_198	1_12
t_199	1_12
t_200	1_12
t_201	1_12
t_202	1_12
t_203	1_12
t_204	1_12
t_205	1_12
t_206	1_13
t_207	1_13
t_208	1_13
t_209	1_13
t_210	1_13
t_211	1_13
t_212	1_13
t_213	1_13
t_214	1_13
t_215	1_13
t_216	1_13
t_217	1_13
t_218	1_13
t_219	1_13
t_220	1_13
t_221	1_13
t_222	1_13
t_223	1_13
t_224	1_13
t_225	1_13
t_226	1_13
t_227	1_13
t_228	1_13
t_229	1_13
t_230	1_13
t_231	1_13
t_232	1_13
t_233	1_13
t_234	1_13
t_235	1_13
t_236	1_13
t_237	1_13
t_238	1_13
t_239	1_13
t_240	1_13
t_241	1_14
t_242	1_14
t_243	1_14
t_244	1_14
t_245	1_14
t_246	1_14
t_247	1_14
t_248	1_14
t_249	1_14
t_250	1_14
t_251	1_14
t_252	1_14
t_253	1_15
t_254	1_15
t_255	1_15
t_256	1_15
t_257	1_15
t_258	1_15
t_259	1_15
t_260	1_15
t_261	1_15
t_262	1_15
t_263	1_15
t_264	1_15
t_265	1_16
t_266	1_16
t_267	1_16
t_268	1_16
t_269	1_16
t_270	1_16
t_271	1_16
t_272	1_16
t_273	1_16
t_274	1_16
t_275	1_16
t_276	1_16
t_277	1_16
t_278	1_16
t_279	1_16
t_280	1_16
t_281	1_16
t_282	1_16
t_283	1_16
t_284	1_16
t_285	1_16
t_286	1_16
t_287	1_16
t_288	1_16
t_289	1_17
t_290	1_17
t_291	1_17
t_292	1_17
t_293	1_17
t_294	1_17
t_295	1_17
t_296	1_17
t_297	1_17
t_298	1_17
t_299	1_17
t_300	1_17
t_301	1_17
t_302	1_17
t_303	1_17
t_304	1_17
t_305	1_17
t_306	1_17
t_307	1_17
t_308	1_17
t_309	1_18
t_310	1_18
t_311	1_18
t_312	1_18
t_313	1_18
t_314	1_18
t_315	1_18
t_316	1_18
t_317	1_18
t_318	1_18
t_319	1_18
t_320	1_18
t_321	1_18
t_322	1_18
t_323	1_18
t_324	1_18
t_325	1_18
t_326	1_18
t_327	1_18
t_328	1_19
t_329	1_19
t_330	1_19
t_331	1_19
t_332	1_19
t_333	1_19
t_334	1_19
t_335	1_19
t_336	1_19
t_337	1_19
t_338	1_19
t_339	1_19
t_340	1_19
t_341	1_19
t_342	1_19
t_343	1_19
t_344	1_20
t_345	1_20
t_346	1_20
t_347	1_20
t_348	1_20
t_349	1_20
t_350	1_20
t_351	1_20
t_352	1_20
t_353	1_20
t_354	1_20
t_355	1_20
t_356	1_20
t_357	1_20
t_358	1_20
t_359	1_20
t_360	1_20
t_361	1_20
t_362	1_20
t_363	1_20
t_364	1_20
t_365	1_20
t_366	1_20
t_367	1_20
t_368	1_20
t_369	1_20
t_370	1_21
t_371	1_21
t_372	1_21
t_373	1_21
t_374	1_21
t_375	1_21
t_376	1_21
t_377	1_21
t_378	1_21
t_379	1_21
t_380	1_21
t_381	1_21
t_382	1_21
t_383	1_21
t_384	1_21
t_385	1_21
t_386	1_21
t_387	1_21
t_388	1_21
t_389	1_21
t_390	1_21
t_391	1_21
t_392	1_21
t_393	1_21
t_394	1_22
t_395	1_22
t_396	1_22
t_397	1_22
t_398	1_22
t_399	1_23
t_400	1_23
t_401	1_23
t_402	1_23
t_403	1_23
t_404	1_23
t_405	1_23
t_406	1_23
t_407	1_23
t_408	1_23
t_409	1_23
t_410	1_23
t_411	1_23
t_412	1_23
t_413	1_23
t_414	1_23
t_415	1_23
t_416	1_23
t_417	1_23
t_418	1_24
t_419	1_24
t_420	1_24
t_421	1_24
t_422	1_24
t_423	1_24
t_424	1_24
t_425	1_24
t_426	1_24
t_427	1_24
t_428	1_24
t_429	1_24
t_430	1_24
t_431	1_24
t_432	1_24
t_433	1_24
t_434	1_24
t_435	1_24
t_436	1_24
t_437	1_24
t_438	1_24
t_439	1_25
t_440	1_25
t_441	1_25
t_442	1_25
t_443	1_25
t_444	1_25
t_445	1_25
t_446	1_25
t_447	1_25
t_448	1_25
t_449	1_25
t_450	1_25
t_451	1_25
t_452	1_25
t_453	1_25
t_454	1_25
t_455	1_25
t_456	1_25
t_457	1_25
t_458	1_25
t_459	1_25
t_460	1_25
t_461	1_25
t_462	1_25
t_463	1_25
t_464	1_25
t_465	1_25
t_466	1_25
t_467	1_25
t_468	1_26
t_469	1_26
t_470	1_26
t_471	1_26
t_472	1_26
t_473	1_26
t_474	1_26
t_475	1_26
t_476	1_26
t_477	1_26
t_478	1_26
t_479	1_26
t_480	1_26
t_481	1_26
t_482	1_26
t_483	1_26
t_484	1_26
t_485	1_26
t_486	1_26
t_487	1_26
t_488	1_26
t_489	1_26
t_490	1_26
t_491	1_26
t_492	1_27
t_493	1_27
t_494	1_27
t_495	1_27
t_496	1_27
t_497	1_27
t_498	1_27
t_499	1_27
t_500	1_27
t_501	1_27
t_502	1_27
t_503	1_27
t_504	1_27
t_505	1_27
t_506	1_27
t_507	1_27
t_508	1_27
t_509	1_27
t_510	1_27
t_511	1_27
t_512	1_27
t_513	1_27
t_514	1_27
t_515	1_27
t_516	1_27
t_517	1_27
t_518	1_27
t_519	1_27
t_520	1_27
t_521	1_27
t_522	1_27
t_523	1_27
t_524	1_27
t_525	1_27
t_526	1_27
t_527	1_27
t_528	1_27
t_529	1_28
t_530	1_28
t_531	1_28
t_532	1_28
t_533	1_28
t_534	1_28
t_535	1_28
t_536	1_28
t_537	1_28
t_538	1_28
t_539	1_28
t_540	1_28
t_541	1_28
t_542	1_28
t_543	1_28
t_544	1_28
t_545	1_28
t_546	1_28
t_547	1_28
t_548	1_28
t_549	1_28
t_550	1_28
t_551	1_28
t_552	1_29
t_553	1_29
t_554	1_29
t_555	1_29
t_556	1_29
t_557	1_29
t_558	1_29
t_559	1_29
t_560	1_29
t_561	1_29
t_562	1_29
t_563	1_29
t_564	1_29
t_565	1_29
t_566	1_29
t_567	1_29
t_568	1_30
t_569	1_30
t_570	1_30
t_571	1_30
t_572	1_30
t_573	1_30
t_574	1_30
t_575	1_30
t_576	1_30
t_577	1_30
t_578	1_30
t_579	1_30
t_580	1_30
t_581	1_30
t_582	1_30
t_583	1_30
t_584	1_30
t_585	1_30
t_586	1_31
t_587	1_31
t_588	1_31
t_589	1_31
t_590	1_31
t_591	1_31
t_592	1_32
t_593	1_32
t_594	1_32
t_595	1_32
t_596	1_32
t_597	1_32
t_598	1_32
t_599	1_32
t_600	1_32
t_601	1_32
t_602	1_32
t_603	1_32
t_604	1_32
t_605	1_32
t_606	1_32
t_607	1_32
t_608	1_32
t_609	1_32
t_610	1_32
t_611	1_32
t_612	1_32
t_613	1_32
t_614	1_32
t_615	1_32
t_616	1_32
t_617	1_32
t_618	2_1
t_619	2_1
t_620	2_1
t_621	2_1
t_622	2_1
t_623	2_1
t_624	2_1
t_625	2_1
t_626	2_1
t_627	2_1
t_628	2_1
t_629	2_1
t_630	2_1
t_631	2_1
t_632	2_1
t_633	2_1
t_634	2_1
t_635	2_1
t_636	2_1
t_637	2_1
t_638	2_1
t_639	2_1
t_640	2_1
t_641	2_1
t_642	2_1
t_643	2_1
t_644	2_1
t_645	2_2
t_646	2_2
t_647	2_2
t_648	2_2
t_649	2_2
t_650	2_2
t_651	2_2
t_652	2_2
t_653	2_2
t_654	2_2
t_655	2_2
t_656	2_2
t_657	2_2
t_658	2_2
t_659	2_2
t_660	2_2
t_661	2_3
t_662	2_3
t_663	2_3
t_664	2_3
t_665	2_3
t_666	2_3
t_667	2_3
t_668	2_3
t_669	2_3
t_670	2_3
t_671	2_3
t_672	2_3
t_673	2_3
t_674	2_3
t_675	2_3
t_676	2_3
t_677	2_3
t_678	2_3
t_679	2_3
t_680	2_3
t_681	2_3
t_682	2_3
t_683	2_3
t_684	2_3
t_685	2_4
t_686	2_4
t_687	2_4
t_688	2_4
t_689	2_4
t_690	2_4
t_691	2_4
t_692	2_4
t_693	2_4
t_694	2_4
t_695	2_4
t_696	2_4
t_697	2_4
t_698	2_4
t_699	2_4
t_700	2_4
t_701	2_4
t_702	2_4
t_703	2_4
t_704	2_4
t_705	2_4
t_706	2_4
t_707	2_4
t_708	2_4
t_709	2_4
t_710	2_5
t_711	2_5
t_712	2_5
t_713	2_5
t_714	2_5
t_715	2_5
t_716	2_5
t_717	2_5
t_718	2_5
t_719	2_5
t_720	2_5
t_721	2_5
t_722	2_5
t_723	2_5
t_724	2_5
t_725	2_5
t_726	2_5
t_727	2_5
t_728	2_5
t_729	2_5
t_730	2_6
t_731	2_6
t_732	2_6
t_733	2_6
t_734	2_6
t_735	2_6
t_736	2_6
t_737	2_6
t_738	2_6
t_739	2_7
t_740	2_7
t_741	2_7
t_742	2_7
t_743	2_7
t_744	2_7
t_745	2_7
t_746	2_7
t_747	2_7
t_748	2_7
t_749	2_7
t_750	2_7
t_751	2_7
t_752	2_7
t_753	2_7
t_754	2_8
t_755	2_8
t_756	2_8
t_757	2_8
t_758	2_8
t_759	2_8
t_760	2_8
t_761	2_8
t_762	2_8
t_763	2_8
t_764	2_8
t_765	2_8
t_766	2_8
t_767	2_8
t_768	2_8
t_769	2_8
t_770	2_9
t_771	2_9
t_772	2_9
t_773	2_9
t_774	2_9
t_775	2_9
t_776	2_9
t_777	2_9
t_778	2_9
t_779	2_9
t_780	2_9
t_781	2_9
t_782	2_9
t_783	2_9
t_784	2_9
t_785	2_9
t_786	2_9
t_787	2_9
t_788	2_9
t_789	2_10
t_790	2_10
t_791	2_10
t_792	2_10
t_793	2_10
t_794	2_10
t_795	2_10
t_796	2_10
t_797	2_10
t_798	2_10
t_799	2_10
t_800	2_10
t_801	2_10
t_802	2_10
t_803	2_10
t_804	2_10
t_805	2_10
t_806	2_10
t_807	2_11
t_808	2_11
t_809	2_11
t_810	2_11
t_811	2_11
t_812	2_11
t_813	2_11
t_814	2_11
t_815	2_12
t_816	2_12
t_817	2_12
t_818	2_12
t_819	2_12
t_820	2_12
t_821	2_12
t_822	2_12
t_823	2_12
t_824	2_12
t_825	2_12
t_826	2_12
t_827	2_12
t_828	2_12
t_829	2_12
t_830	2_12
t_831	2_12
t_832	2_12
t_833	2_12
t_834	2_13
t_835	2_13
t_836	2_13
t_837	2_13
t_838	2_13
t_839	2_13
t_840	2_13
t_841	2_13
t_842	2_13
t_843	2_13
t_844	2_13
t_845	2_13
t_846	2_13
t_847	2_13
t_848	2_13
t_849	2_13
t_850	2_13
t_851	2_13
t_852	2_14
t_853	2_14
t_854	2_14
t_855	2_14
t_856	2_14
t_857	2_14
t_858	2_14
t_859	2_14
t_860	2_14
t_861	2_14
t_862	2_14
t_863	2_14
t_864	2_14
t_865	2_14
t_866	2_14
t_867	2_14
t_868	2_14
t_869	2_14
t_870	2_14
t_871	2_14
t_872	2_14
t_873	2_15
t_874	2_15
t_875	2_15
t_876	2_15
t_877	2_15
t_878	2_15
t_879	2_15
t_880	2_15
t_881	2_15
t_882	2_15
t_883	2_15
t_884	2_15
t_885	2_15
t_886	2_15
t_887	2_15
t_888	2_15
t_889	2_15
t_890	2_15
t_891	2_15
t_892	2_15
t_893	2_15
t_894	2_15
t_895	2_15
t_896	2_15
t_897	2_15
t_898	2_15
t_899	2_16
t_900	2_16
t_901	2_16
t_902	2_16
t_903	2_16
t_904	2_16
t_905	2_16
t_906	2_16
t_907	2_16
t_908	2_16
t_909	2_16
t_910	2_16
t_911	2_16
t_912	2_16
t_913	2_16
t_914	2_16
t_915	2_16
t_916	2_16
t_917	2_17
t_918	2_17
t_919	2_17
t_920	2_17
t_921	2_17
t_922	2_17
t_923	2_17
t_924	2_17
t_925	2_17
t_926	2_17
t_927	2_17
t_928	2_17
t_929	2_18
t_930	2_18
t_931	2_18
t_932	2_18
t_933	2_18
t_934	2_18
t_935	2_18
t_936	2_18
t_937	2_18
t_938	2_18
t_939	2_18
t_940	2_18
t_941	2_18
t_942	2_19
t_943	2_19
t_944	2_19
t_945	2_19
t_946	2_19
t_947	2_19
t_948	2_19
t_949	2_19
t_950	2_19
t_951	2_19
t_952	2_19
t_953	2_19
t_954	2_20
t_955	2_20
t_956	2_20
t_957	2_20
t_958	2_20
t_959	2_20
t_960	2_20
t_961	2_20
t_962	2_20
t_963	2_20
t_964	2_20
t_965	2_20
t_966	2_20
t_967	2_20
t_968	2_20
t_969	2_20
t_970	2_20
t_971	2_20
t_972	2_20
t_973	2_21
t_974	2_21
t_975	2_21
t_976	2_21
t_977	2_21
t_978	2_21
t_979	2_21
t_980	2_21
t_981	2_21
t_982	2_21
t_983	2_21
t_984	2_21
t_985	2_21
t_986	2_21
t_987	2_22
t_988	2_22
t_989	2_22
t_990	2_22
t_991	2_22
t_992	2_22
t_993	2_22
t_994	2_22
t_995	2_22
t_996	2_22
t_997	2_22
t_998	2_22
t_999	2_23
t_1000	2_23
t_1001	2_23
t_1002	2_23
t_1003	2_23
t_1004	2_23
t_1005	2_23
t_1006	2_23
t_1007	2_23
t_1008	2_23
t_1009	2_23
t_1010	2_23
t_1011	2_23
t_1012	2_23
t_1013	2_24
t_1014	2_24
t_1015	2_24
t_1016	2_24
t_1017	2_24
t_1018	2_24
t_1019	2_24
t_1020	2_24
t_1021	2_24
t_1022	2_24
t_1023	2_24
t_1024	2_24
t_1025	2_24
t_1026	2_24
t_1027	2_24
t_1028	2_25
t_1029	2_25
t_1030	2_25
t_1031	2_25
t_1032	2_25
t_1033	2_25
t_1034	2_25
t_1035	2_25
t_1036	2_25
t_1037	2_25
t_1038	2_25
t_1039	2_25
t_1040	2_25
t_1041	2_25
t_1042	2_25
t_1043	2_25
t_1044	2_25
t_1045	2_25
t_1046	2_25
t_1047	2_25
t_1048	2_26
t_1049	2_26
t_1050	2_26
t_1051	2_26
t_1052	2_26
t_1053	2_26
t_1054	2_26
t_1055	2_26
t_1056	2_26
t_1057	2_26
t_1058	2_26
t_1059	2_26
t_1060	2_26
t_1061	2_26
t_1062	2_26
t_1063	2_26
t_1064	2_26
t_1065	2_26
t_1066	2_27
t_1067	2_27
t_1068	2_27
t_1069	2_27
t_1070	2_27
t_1071	2_27
t_1072	2_27
t_1073	2_27
t_1074	2_27
t_1075	2_27
t_1076	2_27
t_1077	2_27
t_1078	2_27
t_1079	2_27
t_1080	2_27
t_1081	2_27
t_1082	2_27
t_1083	2_27
t_1084	2_28
t_1085	2_28
t_1086	2_28
t_1087	2_28
t_1088	2_28
t_1089	2_28
t_1090	2_28
t_1091	2_28
t_1092	2_28
t_1093	2_28
t_1094	2_28
t_1095	2_28
t_1096	2_28
t_1097	2_28
t_1098	2_28
t_1099	2_28
t_1100	2_28
t_1101	2_28
t_1102	2_28
t_1103	2_29
t_1104	2_29
t_1105	2_29
t_1106	2_29
t_1107	2_29
t_1108	2_29
t_1109	2_29
t_1110	2_29
t_1111	2_29
t_1112	2_29
t_1113	2_29
t_1114	2_29
t_1115	2_29
t_1116	2_29
t_1117	2_29
t_1118	2_29
t_1119	2_29
t_1120	2_29
t_1121	2_29
t_1122	2_29
t_1123	2_29
t_1124	2_29
t_1125	2_29
t_1126	2_29
t_1127	2_29
t_1128	2_29
t_1129	3_1
t_1130	3_1
t_1131	3_1
t_1132	3_1
t_1133	3_1
t_1134	3_1
t_1135	3_1
t_1136	3_1
t_1137	3_1
t_1138	3_1
t_1139	3_1
t_1140	3_1
t_1141	3_1
t_1142	3_1
t_1143	3_2
t_1144	3_2
t_1145	3_2
t_1146	3_2
t_1147	3_2
t_1148	3_2
t_1149	3_2
t_1150	3_2
t_1151	3_2
t_1152	3_2
t_1153	3_2
t_1154	3_2
t_1155	3_2
t_1156	3_2
t_1157	3_2
t_1158	3_2
t_1159	3_2
t_1160	3_3
t_1161	3_3
t_1162	3_3
t_1163	3_3
t_1164	3_3
t_1165	3_3
t_1166	3_3
t_1167	3_3
t_1168	3_3
t_1169	3_3
t_1170	3_3
t_1171	3_3
t_1172	3_3
t_1173	3_3
t_1174	3_3
t_1175	3_3
t_1176	3_3
t_1177	3_4
t_1178	3_4
t_1179	3_4
t_1180	3_4
t_1181	3_4
t_1182	3_4
t_1183	3_4
t_1184	3_4
t_1185	3_4
t_1186	3_4
t_1187	3_4
t_1188	3_4
t_1189	3_4
t_1190	3_4
t_1191	3_4
t_1192	3_4
t_1193	3_4
t_1194	3_4
t_1195	3_4
t_1196	3_4
t_1197	3_4
t_1198	3_4
t_1199	3_4
t_1200	3_4
t_1201	3_4
t_1202	3_4
t_1203	3_4
t_1204	3_4
t_1205	3_4
t_1206	3_4
t_1207	3_5
t_1208	3_5
t_1209	3_5
t_1210	3_5
t_1211	3_5
t_1212	3_5
t_1213	3_5
t_1214	3_5
t_1215	3_5
t_1216	3_5
t_1217	3_5
t_1218	3_5
t_1219	3_5
t_1220	3_5
t_1221	3_5
t_1222	3_5
t_1223	3_5
t_1224	3_5
t_1225	3_5
t_1226	3_5
t_1227	3_5
t_1228	3_5
t_1229	3_5
t_1230	3_5
t_1231	3_5
t_1232	3_6
t_1233	3_6
t_1234	3_6
t_1235	3_6
t_1236	3_6
t_1237	3_6
t_1238	3_6
t_1239	3_6
t_1240	3_6
t_1241	3_6
t_1242	3_6
t_1243	3_7
t_1244	3_7
t_1245	3_7
t_1246	3_7
t_1247	3_7
t_1248	3_7
t_1249	3_7
t_1250	3_7
t_1251	3_7
t_1252	3_7
t_1253	3_7
t_1254	3_7
t_1255	3_7
t_1256	3_7
t_1257	3_7
t_1258	3_7
t_1259	3_7
t_1260	3_7
t_1261	3_7
t_1262	3_7
t_1263	3_7
t_1264	3_7
t_1265	3_7
t_1266	3_7
t_1267	3_8
t_1268	3_8
t_1269	3_8
t_1270	3_8
t_1271	3_8
t_1272	3_8
t_1273	3_8
t_1274	3_8
t_1275	3_8
t_1276	3_8
t_1277	3_8
t_1278	3_8
t_1279	3_8
t_1280	3_8
t_1281	3_8
t_1282	3_8
t_1283	3_8
t_1284	3_8
t_1285	3_8
t_1286	3_8
t_1287	3_8
t_1288	3_8
t_1289	3_8
t_1290	3_8
t_1291	3_8
t_1292	3_8
t_1293	3_8
t_1294	3_9
t_1295	3_9
t_1296	3_9
t_1297	3_9
t_1298	3_9
t_1299	3_9
t_1300	3_9
t_1301	3_9
t_1302	3_9
t_1303	3_9
t_1304	3_9
t_1305	3_9
t_1306	3_9
t_1307	3_9
t_1308	3_9
t_1309	3_9
t_1310	3_9
t_1311	3_9
t_1312	3_9
t_1313	3_10
t_1314	3_10
t_1315	3_10
t_1316	3_10
t_1317	3_10
t_1318	3_10
t_1319	3_10
t_1320	3_10
t_1321	3_10
t_1322	3_10
t_1323	3_10
t_1324	3_10
t_1325	3_10
t_1326	3_10
t_1327	3_11
t_1328	3_11
t_1329	3_11
t_1330	3_11
t_1331	3_11
t_1332	3_11
t_1333	3_12
t_1334	3_12
t_1335	3_12
t_1336	3_12
t_1337	3_12
t_1338	3_12
t_1339	3_12
t_1340	3_12
t_1341	3_12
t_1342	3_12
t_1343	3_12
t_1344	3_12
t_1345	3_12
t_1346	3_12
t_1347	3_12
t_1348	3_12
t_1349	3_13
t_1350	3_13
t_1351	3_13
t_1352	3_13
t_1353	3_13
t_1354	3_13
t_1355	3_13
t_1356	3_13
t_1357	3_13
t_1358	3_13
t_1359	3_13
t_1360	3_13
t_1361	3_13
t_1362	3_13
t_1363	3_13
t_1364	3_13
t_1365	3_13
t_1366	3_13
t_1367	3_14
t_1368	3_14
t_1369	3_14
t_1370	3_14
t_1371	3_14
t_1372	3_14
t_1373	3_14
t_1374	3_14
t_1375	3_15
t_1376	3_15
t_1377	3_15
t_1378	3_15
t_1379	3_15
t_1380	3_15
t_1381	3_15
t_1382	3_16
t_1383	3_16
t_1384	3_16
t_1385	3_16
t_1386	3_16
t_1387	3_16
t_1388	3_16
t_1389	3_16
t_1390	3_17
t_1391	3_17
t_1392	3_17
t_1393	3_17
t_1394	3_17
t_1395	3_17
t_1396	3_18
t_1397	3_18
t_1398	3_18
t_1399	3_18
t_1400	3_18
t_1401	3_18
t_1402	3_18
t_1403	3_18
t_1404	3_18
t_1405	3_19
t_1406	3_19
t_1407	3_19
t_1408	3_19
t_1409	3_19
t_1410	3_19
t_1411	3_19
t_1412	3_19
t_1413	3_19
t_1414	3_19
t_1415	3_19
t_1416	3_19
t_1417	3_19
t_1418	3_19
t_1419	3_19
t_1420	3_19
t_1421	3_19
t_1422	3_19
t_1423	3_19
t_1424	3_19
t_1425	3_19
t_1426	3_19
t_1427	3_19
t_1428	3_19
t_1429	3_19
t_1430	3_19
t_1431	3_20
t_1432	3_20
t_1433	3_20
t_1434	3_20
t_1435	3_20
t_1436	3_20
t_1437	3_20
t_1438	3_20
t_1439	3_20
t_1440	3_20
t_1441	3_20
t_1442	3_20
t_1443	3_20
t_1444	3_20
t_1445	3_20
t_1446	3_20
t_1447	3_20
t_1448	3_21
t_1449	3_21
t_1450	3_21
t_1451	3_21
t_1452	3_21
t_1453	3_21
t_1454	3_21
t_1455	3_21
t_1456	3_21
t_1457	3_21
t_1458	3_21
t_1459	3_21
t_1460	3_21
t_1461	3_21
t_1462	3_21
t_1463	3_21
t_1464	3_22
t_1465	3_22
t_1466	3_22
t_1467	3_22
t_1468	3_22
t_1469	3_22
t_1470	3_22
t_1471	3_22
t_1472	3_22
t_1473	3_22
t_1474	3_22
t_1475	3_22
t_1476	3_22
t_1477	3_22
t_1478	3_22
t_1479	3_22
t_1480	3_22
t_1481	3_22
t_1482	3_22
t_1483	3_22
t_1484	3_23
t_1485	3_23
t_1486	3_23
t_1487	3_23
t_1488	3_23
t_1489	3_23
t_1490	3_23
t_1491	3_23
t_1492	3_23
t_1493	3_23
t_1494	3_24
t_1495	3_24
t_1496	3_24
t_1497	3_24
t_1498	3_24
t_1499	3_24
t_1500	3_24
t_1501	3_24
t_1502	3_24
t_1503	3_24
t_1504	3_24
t_1505	3_24
t_1506	3_24
t_1507	3_25
t_1508	3_25
t_1509	3_25
t_1510	3_25
t_1511	3_25
t_1512	3_25
t_1513	3_25
t_1514	3_25
t_1515	3_25
t_1516	3_25
t_1517	3_25
t_1518	3_25
t_1519	3_25
t_1520	3_25
t_1521	3_25
t_1522	3_25
t_1523	3_25
t_1524	3_25
t_1525	3_25
t_1526	3_25
t_1527	3_25
t_1528	3_25
t_1529	3_26
t_1530	3_26
t_1531	3_26
t_1532	3_26
t_1533	3_26
t_1534	3_26
t_1535	3_26
t_1536	3_26
t_1537	3_26
t_1538	3_26
t_1539	3_26
t_1540	3_26
t_1541	3_26
t_1542	3_26
t_1543	3_26
t_1544	3_26
t_1545	3_26
t_1546	3_26
t_1547	3_26
t_1548	3_26
t_1549	3_26
t_1550	3_26
t_1551	3_26
t_1552	3_26
t_1553	3_26
t_1554	3_26
t_1555	3_26
t_1556	3_26
t_1557	3_26
t_1558	3_27
t_1559	3_27
t_1560	3_27
t_1561	3_27
t_1562	3_27
t_1563	3_27
t_1564	3_27
t_1565	3_27
t_1566	3_27
t_1567	3_27
t_1568	3_27
t_1569	3_27
t_1570	3_27
t_1571	3_27
t_1572	3_27
t_1573	3_27
t_1574	3_27
t_1575	3_27
t_1576	3_27
t_1577	3_27
t_1578	3_27
t_1579	3_28
t_1580	3_28
t_1581	3_28
t_1582	3_28
t_1583	3_28
t_1584	3_28
t_1585	3_28
t_1586	3_28
t_1587	3_28
t_1588	3_29
t_1589	3_29
t_1590	3_29
t_1591	3_29
t_1592	3_29
t_1593	3_29
t_1594	3_29
t_1595	3_29
t_1596	3_29
t_1597	3_29
t_1598	3_30
t_1599	3_30
t_1600	3_30
t_1601	3_30
t_1602	3_30
t_1603	3_30
t_1604	3_30
t_1605	3_30
t_1606	3_30
t_1607	3_30
t_1608	3_30
t_1609	3_30
t_1610	3_30
t_1611	3_30
t_1612	3_30
t_1613	3_30
t_1614	3_30
t_1615	3_30
t_1616	3_30
t_1617	3_30
t_1618	3_31
t_1619	3_31
t_1620	3_31
t_1621	3_31
t_1622	3_31
t_1623	3_31
t_1624	3_31
t_1625	3_31
t_1626	3_31
t_1627	3_31
t_1628	3_31
t_1629	3_31
t_1630	3_31
t_1631	3_31
t_1632	4_1
t_1633	4_1
t_1634	4_1
t_1635	4_1
t_1636	4_1
t_1637	4_1
t_1638	4_1
t_1639	4_1
t_1640	4_1
t_1641	4_1
t_1642	4_2
t_1643	4_2
t_1644	4_2
t_1645	4_2
t_1646	4_2
t_1647	4_2
t_1648	4_2
t_1649	4_2
t_1650	4_2
t_1651	4_2
t_1652	4_2
t_1653	4_2
t_1654	4_2
t_1655	4_2
t_1656	4_2
t_1657	4_2
t_1658	4_2
t_1659	4_2
t_1660	4_2
t_1661	4_2
t_1662	4_2
t_1663	4_3
t_1664	4_3
t_1665	4_3
t_1666	4_3
t_1667	4_3
t_1668	4_3
t_1669	4_3
t_1670	4_3
t_1671	4_3
t_1672	4_3
t_1673	4_3
t_1674	4_3
t_1675	4_4
t_1676	4_4
t_1677	4_4
t_1678	4_4
t_1679	4_4
t_1680	4_4
t_1681	4_4
t_1682	4_4
t_1683	4_4
t_1684	4_4
t_1685	4_4
t_1686	4_4
t_1687	4_4
t_1688	4_5
t_1689	4_5
t_1690	4_5
t_1691	4_5
t_1692	4_5
t_1693	4_5
t_1694	4_5
t_1695	4_5
t_1696	4_5
t_1697	4_5
t_1698	4_5
t_1699	4_5
t_1700	4_5
t_1701	4_5
t_1702	4_5
t_1703	4_5
t_1704	4_5
t_1705	4_5
t_1706	4_5
t_1707	4_5
t_1708	4_6
t_1709	4_6
t_1710	4_6
t_1711	4_6
t_1712	4_6
t_1713	4_6
t_1714	4_6
t_1715	4_6
t_1716	4_6
t_1717	4_6
t_1718	4_6
t_1719	4_6
t_1720	4_6
t_1721	4_6
t_1722	4_6
t_1723	4_7
t_1724	4_7
t_1725	4_7
t_1726	4_7
t_1727	4_7
t_1728	4_7
t_1729	4_7
t_1730	4_7
t_1731	4_7
t_1732	4_7
t_1733	4_7
t_1734	4_7
t_1735	4_7
t_1736	4_8
t_1737	4_8
t_1738	4_8
t_1739	4_8
t_1740	4_8
t_1741	4_8
t_1742	4_8
t_1743	4_8
t_1744	4_8
t_1745	4_8
t_1746	4_8
t_1747	4_9
t_1748	4_9
t_1749	4_9
t_1750	4_9
t_1751	4_9
t_1752	4_9
t_1753	4_9
t_1754	4_9
t_1755	4_9
t_1756	4_9
t_1757	4_9
t_1758	4_9
t_1759	4_9
t_1760	4_9
t_1761	4_9
t_1762	4_9
t_1763	4_9
t_1764	4_9
t_1765	4_9
t_1766	4_9
t_1767	4_9
t_1768	4_9
t_1769	4_9
t_1770	4_10
t_1771	4_10
t_1772	4_10
t_1773	4_10
t_1774	4_10
t_1775	4_10
t_1776	4_10
t_1777	4_10
t_1778	4_10
t_1779	4_10
t_1780	4_10
t_1781	4_10
t_1782	4_10
t_1783	4_10
t_1784	4_10
t_1785	4_10
t_1786	4_10
t_1787	4_10
t_1788	4_11
t_1789	4_11
t_1790	4_11
t_1791	4_11
t_1792	4_11
t_1793	4_11
t_1794	4_11
t_1795	4_11
t_1796	4_11
t_1797	4_11
t_1798	4_11
t_1799	4_11
t_1800	4_11
t_1801	4_11
t_1802	4_11
t_1803	4_11
t_1804	4_11
t_1805	4_11
t_1806	4_11
t_1807	4_11
t_1808	4_11
t_1809	4_11
t_1810	4_11
t_1811	4_11
t_1812	4_11
t_1813	4_11
t_1814	4_11
t_1815	4_11
t_1816	4_11
t_1817	4_11
t_1818	4_11
t_1819	4_11
t_1820	4_11
t_1821	4_11
t_1822	4_11
t_1823	4_12
t_1824	4_12
t_1825	4_12
t_1826	4_12
t_1827	4_12
t_1828	4_12
t_1829	4_12
t_1830	4_12
t_1831	4_12
t_1832	4_12
t_1833	4_12
t_1834	4_12
t_1835	4_12
t_1836	4_12
t_1837	4_12
t_1838	4_12
t_1839	4_12
t_1840	4_12
t_1841	4_12
t_1842	4_12
t_1843	4_12
t_1844	4_12
t_1845	4_12
t_1846	4_13
t_1847	4_13
t_1848	4_13
t_1849	4_13
t_1850	4_13
t_1851	4_13
t_1852	4_13
t_1853	4_13
t_1854	4_13
t_1855	4_13
t_1856	4_13
t_1857	4_13
t_1858	4_13
t_1859	4_13
t_1860	4_13
t_1861	4_13
t_1862	4_13
t_1863	4_13
t_1864	4_13
t_1865	4_13
t_1866	4_13
t_1867	4_13
t_1868	4_13
t_1869	4_13
t_1870	4_14
t_1871	4_14
t_1872	4_14
t_1873	4_14
t_1874	4_14
t_1875	4_14
t_1876	4_14
t_1877	4_14
t_1878	4_14
t_1879	4_14
t_1880	4_14
t_1881	4_14
t_1882	4_14
t_1883	4_14
t_1884	4_14
t_1885	4_15
t_1886	4_15
t_1887	4_15
t_1888	4_15
t_1889	4_15
t_1890	4_15
t_1891	4_15
t_1892	4_15
t_1893	4_15
t_1894	4_15
t_1895	4_15
t_1896	4_15
t_1897	4_15
t_1898	4_15
t_1899	4_15
t_1900	4_15
t_1901	4_16
t_1902	4_16
t_1903	4_16
t_1904	4_16
t_1905	4_16
t_1906	4_16
t_1907	4_16
t_1908	4_16
t_1909	4_16
t_1910	4_16
t_1911	4_16
t_1912	4_16
t_1913	4_16
t_1914	4_16
t_1915	4_16
t_1916	4_16
t_1917	4_16
t_1918	4_16
t_1919	4_16
t_1920	4_16
t_1921	4_16
t_1922	4_16
t_1923	4_16
t_1924	4_16
t_1925	4_16
t_1926	4_16
t_1927	4_16
t_1928	4_16
t_1929	4_16
t_1930	4_16
t_1931	4_16
t_1932	4_16
t_1933	4_16
t_1934	4_16
t_1935	4_16
t_1936	4_16
t_1937	4_16
t_1938	4_16
t_1939	4_16
t_1940	4_17
t_1941	4_17
t_1942	4_17
t_1943	4_17
t_1944	4_17
t_1945	4_17
t_1946	4_17
t_1947	4_17
t_1948	4_17
t_1949	4_17
t_1950	4_17
t_1951	4_17
t_1952	4_17
t_1953	4_17
t_1954	4_17
t_1955	4_17
t_1956	4_17
t_1957	4_17
t_1958	4_17
t_1959	4_17
t_1960	4_17
t_1961	4_17
t_1962	4_17
t_1963	4_17
t_1964	4_17
t_1965	4_17
t_1966	4_18
t_1967	4_18
t_1968	4_18
t_1969	4_18
t_1970	4_18
t_1971	4_18
t_1972	4_18
t_1973	4_18
t_1974	4_18
t_1975	4_18
t_1976	4_18
t_1977	4_18
t_1978	4_18
t_1979	4_18
t_1980	4_18
t_1981	4_18
t_1982	4_18
t_1983	4_18
t_1984	4_18
t_1985	4_18
t_1986	4_18
t_1987	4_18
t_1988	4_19
t_1989	4_19
t_1990	4_19
t_1991	4_19
t_1992	4_19
t_1993	4_19
t_1994	4_19
t_1995	4_19
t_1996	4_19
t_1997	4_19
t_1998	4_19
t_1999	4_19
t_2000	4_19
t_2001	4_19
t_2002	4_19
t_2003	4_19
t_2004	4_19
t_2005	4_19
t_2006	4_19
t_2007	4_19
t_2008	4_19
t_2009	4_19
t_2010	4_19
t_2011	4_19
t_2012	4_19
t_2013	4_20
t_2014	4_20
t_2015	4_20
t_2016	4_20
t_2017	4_20
t_2018	4_20
t_2019	4_20
t_2020	4_20
t_2021	4_20
t_2022	4_20
t_2023	4_20
t_2024	4_20
t_2025	4_20
t_2026	4_20
t_2027	4_20
t_2028	4_20
t_2029	4_20
t_2030	4_20
t_2031	4_20
t_2032	4_21
t_2033	4_21
t_2034	4_21
t_2035	4_21
t_2036	4_21
t_2037	4_21
t_2038	4_21
t_2039	4_21
t_2040	4_21
t_2041	4_21
t_2042	4_22
t_2043	4_22
t_2044	4_22
t_2045	4_22
t_2046	4_22
t_2047	4_22
t_2048	4_22
t_2049	4_22
t_2050	4_22
t_2051	4_23
t_2052	4_23
t_2053	4_23
t_2054	4_23
t_2055	4_23
t_2056	4_23
t_2057	4_23
t_2058	4_23
t_2059	4_23
t_2060	4_23
t_2061	4_24
t_2062	4_24
t_2063	4_24
t_2064	4_24
t_2065	4_24
t_2066	4_24
t_2067	4_24
t_2068	4_24
t_2069	4_24
t_2070	4_24
t_2071	4_24
t_2072	4_24
t_2073	4_24
t_2074	4_24
t_2075	4_24
t_2076	4_24
t_2077	4_24
t_2078	4_24
t_2079	4_24
t_2080	4_24
t_2081	4_25
t_2082	4_25
t_2083	4_25
t_2084	4_25
t_2085	4_25
t_2086	4_25
t_2087	4_25
t_2088	4_25
t_2089	4_25
t_2090	4_25
t_2091	4_25
t_2092	4_25
t_2093	4_25
t_2094	5_1
t_2095	5_1
t_2096	5_1
t_2097	5_1
t_2098	5_1
t_2099	5_1
t_2100	5_1
t_2101	5_1
t_2102	5_1
t_2103	5_1
t_2104	5_1
t_2105	5_1
t_2106	5_1
t_2107	5_1
t_2108	5_1
t_2109	5_1
t_2110	5_2
t_2111	5_2
t_2112	5_2
t_2113	5_2
t_2114	5_2
t_2115	5_2
t_2116	5_2
t_2117	5_2
t_2118	5_2
t_2119	5_2
t_2120	5_2
t_2121	5_2
t_2122	5_2
t_2123	5_2
t_2124	5_2
t_2125	5_2
t_2126	5_2
t_2127	5_2
t_2128	5_2
t_2129	5_2
t_2130	5_2
t_2131	5_2
t_2132	5_2
t_2133	5_2
t_2134	5_2
t_2135	5_2
t_2136	5_2
t_2137	5_3
t_2138	5_3
t_2139	5_3
t_2140	5_3
t_2141	5_3
t_2142	5_3
t_2143	5_3
t_2144	5_3
t_2145	5_3
t_2146	5_3
t_2147	5_3
t_2148	5_3
t_2149	5_3
t_2150	5_3
t_2151	5_3
t_2152	5_3
t_2153	5_3
t_2154	5_3
t_2155	5_4
t_2156	5_4
t_2157	5_4
t_2158	5_4
t_2159	5_4
t_2160	5_4
t_2161	5_4
t_2162	5_4
t_2163	5_4
t_2164	5_4
t_2165	5_5
t_2166	5_5
t_2167	5_5
t_2168	5_5
t_2169	5_5
t_2170	5_5
t_2171	5_5
t_2172	5_5
t_2173	5_5
t_2174	5_5
t_2175	5_5
t_2176	5_5
t_2177	5_5
t_2178	5_5
t_2179	5_5
t_2180	5_5
t_2181	5_5
t_2182	5_5
t_2183	5_5
t_2184	5_5
t_2185	5_5
t_2186	5_5
t_2187	5_5
t_2188	5_6
t_2189	5_6
t_2190	5_6
t_2191	5_6
t_2192	5_6
t_2193	5_6
t_2194	5_6
t_2195	5_6
t_2196	5_6
t_2197	5_6
t_2198	5_6
t_2199	5_6
t_2200	5_6
t_2201	5_7
t_2202	5_7
t_2203	5_7
t_2204	5_7
t_2205	5_7
t_2206	5_7
t_2207	5_7
t_2208	5_7
t_2209	5_7
t_2210	5_7
t_2211	5_7
t_2212	5_7
t_2213	5_7
t_2214	5_7
t_2215	5_7
t_2216	5_7
t_2217	5_7
t_2218	5_8
t_2219	5_8
t_2220	5_8
t_2221	5_8
t_2222	5_8
t_2223	5_8
t_2224	5_8
t_2225	5_8
t_2226	5_8
t_2227	5_8
t_2228	5_8
t_2229	5_8
t_2230	5_8
t_2231	5_8
t_2232	5_8
t_2233	5_8
t_2234	5_8
t_2235	5_8
t_2236	5_8
t_2237	5_9
t_2238	5_9
t_2239	5_9
t_2240	5_9
t_2241	5_9
t_2242	5_9
t_2243	5_9
t_2244	5_9
t_2245	5_9
t_2246	5_9
t_2247	5_9
t_2248	5_9
t_2249	5_9
t_2250	5_9
t_2251	5_9
t_2252	5_9
t_2253	5_10
t_2254	5_10
t_2255	5_10
t_2256	5_10
t_2257	5_10
t_2258	5_10
t_2259	5_10
t_2260	5_10
t_2261	5_10
t_2262	5_10
t_2263	5_10
t_2264	5_10
t_2265	5_10
t_2266	5_10
t_2267	5_10
t_2268	5_10
t_2269	5_10
t_2270	5_10
t_2271	5_10
t_2272	5_10
t_2273	5_10
t_2274	5_10
t_2275	5_10
t_2276	5_11
t_2277	5_11
t_2278	5_11
t_2279	5_11
t_2280	5_11
t_2281	5_11
t_2282	5_11
t_2283	5_11
t_2284	5_11
t_2285	5_11
t_2286	5_11
t_2287	5_11
t_2288	5_11
t_2289	5_11
t_2290	5_11
t_2291	5_11
t_2292	5_11
t_2293	5_11
t_2294	5_11
t_2295	5_11
t_2296	5_11
t_2297	5_11
t_2298	5_11
t_2299	5_11
t_2300	5_11
t_2301	5_11
t_2302	5_12
t_2303	5_12
t_2304	5_12
t_2305	5_12
t_2306	5_12
t_2307	5_12
t_2308	5_12
t_2309	5_12
t_2310	5_12
t_2311	5_12
t_2312	5_12
t_2313	5_12
t_2314	5_12
t_2315	5_12
t_2316	5_12
t_2317	5_12
t_2318	5_12
t_2319	5_12
t_2320	5_12
t_2321	5_12
t_2322	5_12
t_2323	5_12
t_2324	5_12
t_2325	5_12
t_2326	5_12
t_2327	5_12
t_2328	5_12
t_2329	5_12
t_2330	5_12
t_2331	5_12
t_2332	5_12
t_2333	5_12
t_2334	5_12
t_2335	5_13
t_2336	5_13
t_2337	5_13
t_2338	5_13
t_2339	5_13
t_2340	5_13
t_2341	5_13
t_2342	5_13
t_2343	5_13
t_2344	5_13
t_2345	5_13
t_2346	5_13
t_2347	5_13
t_2348	5_13
t_2349	5_13
t_2350	5_13
t_2351	5_14
t_2352	5_14
t_2353	5_14
t_2354	5_14
t_2355	5_14
t_2356	5_14
t_2357	5_14
t_2358	5_14
t_2359	5_14
t_2360	5_14
t_2361	5_14
t_2362	5_14
t_2363	5_14
t_2364	5_14
t_2365	5_14
t_2366	5_14
t_2367	5_14
t_2368	5_14
t_2369	5_14
t_2370	5_14
t_2371	5_14
t_2372	5_14
t_2373	5_14
t_2374	5_14
t_2375	5_14
t_2376	5_14
t_2377	5_15
t_2378	5_15
t_2379	5_15
t_2380	5_15
t_2381	5_15
t_2382	5_15
t_2383	5_15
t_2384	5_15
t_2385	5_15
t_2386	5_15
t_2387	5_15
t_2388	5_15
t_2389	5_15
t_2390	5_15
t_2391	5_15
t_2392	5_15
t_2393	5_15
t_2394	5_15
t_2395	5_15
t_2396	5_15
t_2397	5_15
t_2398	5_15
t_2399	5_15
t_2400	5_15
t_2401	5_15
t_2402	5_15
t_2403	5_15
t_2404	5_15
t_2405	5_15
t_2406	5_15
t_2407	5_15
t_2408	5_15
t_2409	5_15
t_2410	5_15
t_2411	5_15
t_2412	5_15
t_2413	5_15
t_2414	5_15
t_2415	5_15
t_2416	5_15
t_2417	5_15
t_2418	5_15
t_2419	5_15
t_2420	5_15
t_2421	5_15
t_2422	5_15
t_2423	5_15
t_2424	5_15
t_2425	5_15
t_2426	5_15
t_2427	5_15
t_2428	5_15
t_2429	5_15
t_2430	5_15
t_2431	5_16
t_2432	5_16
t_2433	5_16
t_2434	5_16
t_2435	5_16
t_2436	5_16
t_2437	5_16
t_2438	5_16
t_2439	5_16
t_2440	5_16
t_2441	5_16
t_2442	5_16
t_2443	5_16
t_2444	5_16
t_2445	5_16
t_2446	5_16
t_2447	5_16
t_2448	5_16
t_2449	5_17
t_2450	5_17
t_2451	5_17
t_2452	5_17
t_2453	5_17
t_2454	5_17
t_2455	5_17
t_2456	5_17
t_2457	5_17
t_2458	5_17
t_2459	5_17
t_2460	5_17
t_2461	5_17
t_2462	5_17
t_2463	5_17
t_2464	5_17
t_2465	5_17
t_2466	5_17
t_2467	5_17
t_2468	5_17
t_2469	5_17
t_2470	5_17
t_2471	5_17
t_2472	5_17
t_2473	5_17
t_2474	5_17
t_2475	5_17
t_2476	5_17
t_2477	5_17
t_2478	5_17
t_2479	5_17
t_2480	5_17
t_2481	5_17
t_2482	5_17
t_2483	5_17
t_2484	5_17
t_2485	5_17
t_2486	5_18
t_2487	5_18
t_2488	5_18
t_2489	5_18
t_2490	5_18
t_2491	5_18
t_2492	5_18
t_2493	5_18
t_2494	5_18
t_2495	5_18
t_2496	5_18
t_2497	5_18
t_2498	5_18
t_2499	5_18
t_2500	5_18
t_2501	5_18
t_2502	5_18
t_2503	5_18
t_2504	5_18
t_2505	5_18
t_2506	5_18
t_2507	5_18
t_2508	5_18
t_2509	5_18
t_2510	5_19
t_2511	5_19
t_2512	5_19
t_2513	5_19
t_2514	5_19
t_2515	5_19
t_2516	5_19
t_2517	5_19
t_2518	5_19
t_2519	5_19
t_2520	5_19
t_2521	5_19
t_2522	5_19
t_2523	5_19
t_2524	5_19
t_2525	5_19
t_2526	5_19
t_2527	5_19
t_2528	5_19
t_2529	5_19
t_2530	5_19
t_2531	5_19
t_2532	5_19
t_2533	5_19
t_2534	5_19
t_2535	5_20
t_2536	5_20
t_2537	5_20
t_2538	5_20
t_2539	5_20
t_2540	5_20
t_2541	5_20
t_2542	5_20
t_2543	5_20
t_2544	5_20
t_2545	5_20
t_2546	5_20
t_2547	5_20
t_2548	5_20
t_2549	5_20
t_2550	5_20
t_2551	5_20
t_2552	5_20
t_2553	5_21
t_2554	5_21
t_2555	5_21
t_2556	5_21
t_2557	5_21
t_2558	5_21
t_2559	5_21
t_2560	5_21
t_2561	5_21
t_2562	5_21
t_2563	5_21
t_2564	5_21
t_2565	5_21
t_2566	5_21
t_2567	5_21
t_2568	5_21
t_2569	5_21
t_2570	5_21
t_2571	5_21
t_2572	5_21
t_2573	5_21
t_2574	5_21
t_2575	5_21
t_2576	5_21
t_2577	5_21
t_2578	5_21
t_2579	6_1
t_2580	6_1
t_2581	6_1
t_2582	6_1
t_2583	6_1
t_2584	6_1
t_2585	6_1
t_2586	6_1
t_2587	6_1
t_2588	6_1
t_2589	6_1
t_2590	6_1
t_2591	6_1
t_2592	6_2
t_2593	6_2
t_2594	6_2
t_2595	6_2
t_2596	6_2
t_2597	6_2
t_2598	6_2
t_2599	6_2
t_2600	6_2
t_2601	6_2
t_2602	6_2
t_2603	6_2
t_2604	6_2
t_2605	6_2
t_2606	6_3
t_2607	6_3
t_2608	6_3
t_2609	6_3
t_2610	6_3
t_2611	6_3
t_2612	6_3
t_2613	6_3
t_2614	6_3
t_2615	6_3
t_2616	6_3
t_2617	6_3
t_2618	6_3
t_2619	6_3
t_2620	6_3
t_2621	6_3
t_2622	6_4
t_2623	6_4
t_2624	6_4
t_2625	6_4
t_2626	6_4
t_2627	6_4
t_2628	6_4
t_2629	6_4
t_2630	6_4
t_2631	6_4
t_2632	6_4
t_2633	6_4
t_2634	6_4
t_2635	6_4
t_2636	6_4
t_2637	6_4
t_2638	6_4
t_2639	6_4
t_2640	6_4
t_2641	6_4
t_2642	6_4
t_2643	6_4
t_2644	6_4
t_2645	6_4
t_2646	6_4
t_2647	6_4
t_2648	6_4
t_2649	6_4
t_2650	6_4
t_2651	6_4
t_2652	6_5
t_2653	6_5
t_2654	6_5
t_2655	6_5
t_2656	6_5
t_2657	6_5
t_2658	6_5
t_2659	6_5
t_2660	6_5
t_2661	6_5
t_2662	6_5
t_2663	6_5
t_2664	6_5
t_2665	6_5
t_2666	6_5
t_2667	6_5
t_2668	6_6
t_2669	6_6
t_2670	6_6
t_2671	6_6
t_2672	6_6
t_2673	6_6
t_2674	6_6
t_2675	6_6
t_2676	6_6
t_2677	6_6
t_2678	6_6
t_2679	6_6
t_2680	6_6
t_2681	6_6
t_2682	6_6
t_2683	6_6
t_2684	6_6
t_2685	6_6
t_2686	6_6
t_2687	6_6
t_2688	6_6
t_2689	6_6
t_2690	6_6
t_2691	6_7
t_2692	6_7
t_2693	6_7
t_2694	6_7
t_2695	6_7
t_2696	6_7
t_2697	6_7
t_2698	6_7
t_2699	6_8
t_2700	6_8
t_2701	6_8
t_2702	6_8
t_2703	6_8
t_2704	6_8
t_2705	6_8
t_2706	6_8
t_2707	6_8
t_2708	6_8
t_2709	6_8
t_2710	6_8
t_2711	6_9
t_2712	6_9
t_2713	6_9
t_2714	6_9
t_2715	6_9
t_2716	6_9
t_2717	6_9
t_2718	6_9
t_2719	6_9
t_2720	6_9
t_2721	6_9
t_2722	6_9
t_2723	6_9
t_2724	6_9
t_2725	6_10
t_2726	6_10
t_2727	6_10
t_2728	6_10
t_2729	6_10
t_2730	6_10
t_2731	6_10
t_2732	6_10
t_2733	6_10
t_2734	6_11
t_2735	6_11
t_2736	6_11
t_2737	6_11
t_2738	6_11
t_2739	6_11
t_2740	6_11
t_2741	6_11
t_2742	6_11
t_2743	6_11
t_2744	6_11
t_2745	6_11
t_2746	6_11
t_2747	6_11
t_2748	6_11
t_2749	6_11
t_2750	6_11
t_2751	6_11
t_2752	6_11
t_2753	6_11
t_2754	6_11
t_2755	6_11
t_2756	6_11
t_2757	6_11
t_2758	6_11
t_2759	6_11
t_2760	6_12
t_2761	6_12
t_2762	6_12
t_2763	6_12
t_2764	6_12
t_2765	6_12
t_2766	6_12
t_2767	6_12
t_2768	6_12
t_2769	6_12
t_2770	6_12
t_2771	6_12
t_2772	6_12
t_2773	6_12
t_2774	6_12
t_2775	6_12
t_2776	6_12
t_2777	6_13
t_2778	6_13
t_2779	6_13
t_2780	6_13
t_2781	6_13
t_2782	6_13
t_2783	6_13
t_2784	6_13
t_2785	6_13
t_2786	6_13
t_2787	6_13
t_2788	6_13
t_2789	6_13
t_2790	6_13
t_2791	6_13
t_2792	6_13
t_2793	6_13
t_2794	6_13
t_2795	6_13
t_2796	6_13
t_2797	6_13
t_2798	6_13
t_2799	6_13
t_2800	6_13
t_2801	6_13
t_2802	6_13
t_2803	6_13
t_2804	6_13
t_2805	6_13
t_2806	6_14
t_2807	6_14
t_2808	6_14
t_2809	6_14
t_2810	6_14
t_2811	6_14
t_2812	6_14
t_2813	6_14
t_2814	6_14
t_2815	6_14
t_2816	6_14
t_2817	6_14
t_2818	6_14
t_2819	6_14
t_2820	6_14
t_2821	6_15
t_2822	6_15
t_2823	6_15
t_2824	6_15
t_2825	6_15
t_2826	6_15
t_2827	6_15
t_2828	6_15
t_2829	6_15
t_2830	6_15
t_2831	6_15
t_2832	6_15
t_2833	6_15
t_2834	6_15
t_2835	6_15
t_2836	6_15
t_2837	6_16
t_2838	6_16
t_2839	6_16
t_2840	6_16
t_2841	6_16
t_2842	6_16
t_2843	6_16
t_2844	6_16
t_2845	6_16
t_2846	6_16
t_2847	6_16
t_2848	6_16
t_2849	6_16
t_2850	6_16
t_2851	6_16
t_2852	6_16
t_2853	6_16
t_2854	6_16
t_2855	6_16
t_2856	6_16
t_2857	6_16
t_2858	6_16
t_2859	6_16
t_2860	6_16
t_2861	6_17
t_2862	6_17
t_2863	6_17
t_2864	6_17
t_2865	6_17
t_2866	6_17
t_2867	6_17
t_2868	6_17
t_2869	6_17
t_2870	6_17
t_2871	6_17
t_2872	6_17
t_2873	6_17
t_2874	6_17
t_2875	6_17
t_2876	6_17
t_2877	6_17
t_2878	6_17
t_2879	6_17
t_2880	6_18
t_2881	6_18
t_2882	6_18
t_2883	6_18
t_2884	6_18
t_2885	6_18
t_2886	6_18
t_2887	6_18
t_2888	6_18
t_2889	6_19
t_2890	6_19
t_2891	6_19
t_2892	6_19
t_2893	6_19
t_2894	6_19
t_2895	6_19
t_2896	6_19
t_2897	6_19
t_2898	6_19
t_2899	6_19
t_2900	6_19
t_2901	6_19
t_2902	6_19
t_2903	6_19
t_2904	6_19
t_2905	6_19
t_2906	6_19
t_2907	6_19
t_2908	6_19
t_2909	6_19
t_2910	6_19
t_2911	6_19
t_2912	6_19
t_2913	6_19
t_2914	6_19
t_2915	6_19
t_2916	6_19
t_2917	6_19
t_2918	6_19
t_2919	6_19
t_2920	6_19
t_2921	6_19
t_2922	6_19
t_2923	6_19
t_2924	6_19
t_2925	6_19
t_2926	6_19
t_2927	6_19
t_2928	6_20
t_2929	6_20
t_2930	6_20
t_2931	6_20
t_2932	6_20
t_2933	6_20
t_2934	6_20
t_2935	6_20
t_2936	6_20
t_2937	6_20
t_2938	6_20
t_2939	6_20
t_2940	6_21
t_2941	6_21
t_2942	6_21
t_2943	6_21
t_2944	6_21
t_2945	6_21
t_2946	6_21
t_2947	6_21
t_2948	6_21
t_2949	6_21
t_2950	6_21
t_2951	6_21
t_2952	6_21
t_2953	6_21
t_2954	6_21
t_2955	6_21
t_2956	6_22
t_2957	6_22
t_2958	6_22
t_2959	6_22
t_2960	6_22
t_2961	6_22
t_2962	6_22
t_2963	6_22
t_2964	6_22
t_2965	6_22
t_2966	6_22
t_2967	6_22
t_2968	6_22
t_2969	6_22
t_2970	6_22
t_2971	6_22
t_2972	6_22
t_2973	6_22
t_2974	6_22
t_2975	6_22
t_2976	6_22
t_2977	6_22
t_2978	6_22
t_2979	6_22
t_2980	6_22
t_2981	6_23
t_2982	6_23
t_2983	6_23
t_2984	6_23
t_2985	6_23
t_2986	6_23
t_2987	6_23
t_2988	6_23
t_2989	6_23
t_2990	6_23
t_2991	6_23
t_2992	6_23
t_2993	6_23
t_2994	6_23
t_2995	6_23
t_2996	6_23
t_2997	6_23
t_2998	6_23
t_2999	6_23
t_3000	6_23
t_3001	6_23
t_3002	7_1
t_3003	7_1
t_3004	7_1
t_3005	7_1
t_3006	7_1
t_3007	7_1
t_3008	7_1
t_3009	7_1
t_3010	7_1
t_3011	7_1
t_3012	7_1
t_3013	7_1
t_3014	7_1
t_3015	7_1
t_3016	7_1
t_3017	7_1
t_3018	7_1
t_3019	7_1
t_3020	7_1
t_3021	7_1
t_3022	7_1
t_3023	7_2
t_3024	7_2
t_3025	7_2
t_3026	7_2
t_3027	7_2
t_3028	7_2
t_3029	7_2
t_3030	7_2
t_3031	7_2
t_3032	7_2
t_3033	7_2
t_3034	7_2
t_3035	7_2
t_3036	7_2
t_3037	7_2
t_3038	7_2
t_3039	7_2
t_3040	7_2
t_3041	7_2
t_3042	7_2
t_3043	7_2
t_3044	7_2
t_3045	7_2
t_3046	7_3
t_3047	7_3
t_3048	7_3
t_3049	7_3
t_3050	7_3
t_3051	7_3
t_3052	7_3
t_3053	7_3
t_3054	7_3
t_3055	7_3
t_3056	7_3
t_3057	7_3
t_3058	7_3
t_3059	7_3
t_3060	7_3
t_3061	7_3
t_3062	7_3
t_3063	7_3
t_3064	7_3
t_3065	7_3
t_3066	7_3
t_3067	7_3
t_3068	7_3
t_3069	7_3
t_3070	7_3
t_3071	7_3
t_3072	7_3
t_3073	7_3
t_3074	7_3
t_3075	7_3
t_3076	7_3
t_3077	7_3
t_3078	7_3
t_3079	7_4
t_3080	7_4
t_3081	7_4
t_3082	7_4
t_3083	7_4
t_3084	7_4
t_3085	7_4
t_3086	7_4
t_3087	7_4
t_3088	7_4
t_3089	7_4
t_3090	7_4
t_3091	7_4
t_3092	7_4
t_3093	7_4
t_3094	7_4
t_3095	7_4
t_3096	7_4
t_3097	7_4
t_3098	7_4
t_3099	7_4
t_3100	7_4
t_3101	7_4
t_3102	7_4
t_3103	7_4
t_3104	7_4
t_3105	7_4
t_3106	7_4
t_3107	7_4
t_3108	7_4
t_3109	7_4
t_3110	7_5
t_3111	7_5
t_3112	7_5
t_3113	7_5
t_3114	7_5
t_3115	7_5
t_3116	7_5
t_3117	7_5
t_3118	7_5
t_3119	7_5
t_3120	7_5
t_3121	7_5
t_3122	7_5
t_3123	7_5
t_3124	7_5
t_3125	7_5
t_3126	7_5
t_3127	7_5
t_3128	7_5
t_3129	7_5
t_3130	7_5
t_3131	7_5
t_3132	7_5
t_3133	7_5
t_3134	7_5
t_3135	7_5
t_3136	7_6
t_3137	7_6
t_3138	7_6
t_3139	7_6
t_3140	7_6
t_3141	7_6
t_3142	7_6
t_3143	7_6
t_3144	7_6
t_3145	7_6
t_3146	7_6
t_3147	7_6
t_3148	7_6
t_3149	7_6
t_3150	7_6
t_3151	7_6
t_3152	7_6
t_3153	7_6
t_3154	7_6
t_3155	7_6
t_3156	7_6
t_3157	7_6
t_3158	7_6
t_3159	7_6
t_3160	7_6
t_3161	7_7
t_3162	7_7
t_3163	7_7
t_3164	7_7
t_3165	7_7
t_3166	7_7
t_3167	7_7
t_3168	7_7
t_3169	7_7
t_3170	7_7
t_3171	7_7
t_3172	7_7
t_3173	7_7
t_3174	7_7
t_3175	7_7
t_3176	7_7
t_3177	7_7
t_3178	7_7
t_3179	7_7
t_3180	7_7
t_3181	7_7
t_3182	7_7
t_3183	7_7
t_3184	7_7
t_3185	7_7
t_3186	7_7
t_3187	7_7
t_3188	7_7
t_3189	7_7
t_3190	7_7
t_3191	7_7
t_3192	7_7
t_3193	7_7
t_3194	7_7
t_3195	7_7
t_3196	7_8
t_3197	7_8
t_3198	7_8
t_3199	7_8
t_3200	7_8
t_3201	7_8
t_3202	7_8
t_3203	7_8
t_3204	7_8
t_3205	7_8
t_3206	7_8
t_3207	7_8
t_3208	7_8
t_3209	7_8
t_3210	7_8
t_3211	7_8
t_3212	7_8
t_3213	7_8
t_3214	7_8
t_3215	7_8
t_3216	7_9
t_3217	7_9
t_3218	7_9
t_3219	7_9
t_3220	7_9
t_3221	7_9
t_3222	7_9
t_3223	7_9
t_3224	7_9
t_3225	7_9
t_3226	7_9
t_3227	7_9
t_3228	7_9
t_3229	7_9
t_3230	7_9
t_3231	7_10
t_3232	7_10
t_3233	7_10
t_3234	7_10
t_3235	7_10
t_3236	7_10
t_3237	7_10
t_3238	7_10
t_3239	7_10
t_3240	7_10
t_3241	7_10
t_3242	7_10
t_3243	7_10
t_3244	7_10
t_3245	7_10
t_3246	7_10
t_3247	7_11
t_3248	7_11
t_3249	7_11
t_3250	7_11
t_3251	7_11
t_3252	7_11
t_3253	7_11
t_3254	7_11
t_3255	7_11
t_3256	7_11
t_3257	7_11
t_3258	7_11
t_3259	7_11
t_3260	7_11
t_3261	7_11
t_3262	7_12
t_3263	7_12
t_3264	7_12
t_3265	7_12
t_3266	7_12
t_3267	7_12
t_3268	7_12
t_3269	7_12
t_3270	7_12
t_3271	7_12
t_3272	7_12
t_3273	7_12
t_3274	7_12
t_3275	7_12
t_3276	7_12
t_3277	7_13
t_3278	7_13
t_3279	7_13
t_3280	7_13
t_3281	7_13
t_3282	7_13
t_3283	7_13
t_3284	7_13
t_3285	7_13
t_3286	7_13
t_3287	7_13
t_3288	7_13
t_3289	7_13
t_3290	7_13
t_3291	7_13
t_3292	7_13
t_3293	7_13
t_3294	7_13
t_3295	7_13
t_3296	7_13
t_3297	7_13
t_3298	7_13
t_3299	7_13
t_3300	7_13
t_3301	7_13
t_3302	7_13
t_3303	7_13
t_3304	7_13
t_3305	7_13
t_3306	7_13
t_3307	7_13
t_3308	7_13
t_3309	7_13
t_3310	7_13
t_3311	7_13
t_3312	7_14
t_3313	7_14
t_3314	7_14
t_3315	7_14
t_3316	7_14
t_3317	7_14
t_3318	7_14
t_3319	7_14
t_3320	7_14
t_3321	7_14
t_3322	7_14
t_3323	7_14
t_3324	7_14
t_3325	7_14
t_3326	7_14
t_3327	7_14
t_3328	7_14
t_3329	7_14
t_3330	7_15
t_3331	7_15
t_3332	7_15
t_3333	7_15
t_3334	7_15
t_3335	7_15
t_3336	7_15
t_3337	7_15
t_3338	7_15
t_3339	7_15
t_3340	7_15
t_3341	7_15
t_3342	7_15
t_3343	7_15
t_3344	7_15
t_3345	7_15
t_3346	7_15
t_3347	7_15
t_3348	7_15
t_3349	7_16
t_3350	7_16
t_3351	7_16
t_3352	7_16
t_3353	7_16
t_3354	7_16
t_3355	7_16
t_3356	7_16
t_3357	7_16
t_3358	7_16
t_3359	7_16
t_3360	7_16
t_3361	7_16
t_3362	7_16
t_3363	7_17
t_3364	7_17
t_3365	7_17
t_3366	7_17
t_3367	7_17
t_3368	7_17
t_3369	7_17
t_3370	7_17
t_3371	7_17
t_3372	7_17
t_3373	7_17
t_3374	7_17
t_3375	7_17
t_3376	7_18
t_3377	7_18
t_3378	7_18
t_3379	7_18
t_3380	7_18
t_3381	7_18
t_3382	7_18
t_3383	7_18
t_3384	7_18
t_3385	7_18
t_3386	7_18
t_3387	7_18
t_3388	7_18
t_3389	7_18
t_3390	7_18
t_3391	7_18
t_3392	7_18
t_3393	7_18
t_3394	7_18
t_3395	7_18
t_3396	7_18
t_3397	7_18
t_3398	7_18
t_3399	7_18
t_3400	7_18
t_3401	7_18
t_3402	7_18
t_3403	7_18
t_3404	7_18
t_3405	7_18
t_3406	7_19
t_3407	7_19
t_3408	7_19
t_3409	7_19
t_3410	7_19
t_3411	7_19
t_3412	7_19
t_3413	7_19
t_3414	7_19
t_3415	7_19
t_3416	7_19
t_3417	7_19
t_3418	7_19
t_3419	7_19
t_3420	7_19
t_3421	7_20
t_3422	7_20
t_3423	7_20
t_3424	7_20
t_3425	7_20
t_3426	7_20
t_3427	7_20
t_3428	7_20
t_3429	7_20
t_3430	7_20
t_3431	7_20
t_3432	7_20
t_3433	7_20
t_3434	7_20
t_3435	7_20
t_3436	7_20
t_3437	7_20
t_3438	7_20
t_3439	7_20
t_3440	7_21
t_3441	7_21
t_3442	7_21
t_3443	7_21
t_3444	7_21
t_3445	7_21
t_3446	7_21
t_3447	7_21
t_3448	7_21
t_3449	7_21
t_3450	7_21
t_3451	7_21
t_3452	7_21
t_3453	7_21
t_3454	7_21
t_3455	7_21
t_3456	7_22
t_3457	7_22
t_3458	7_22
t_3459	7_22
t_3460	7_22
t_3461	7_22
t_3462	7_22
t_3463	7_22
t_3464	7_22
t_3465	7_22
t_3466	7_22
t_3467	7_23
t_3468	7_23
t_3469	7_23
t_3470	7_23
t_3471	7_23
t_3472	7_23
t_3473	7_23
t_3474	7_23
t_3475	7_23
t_3476	7_23
t_3477	7_23
t_3478	7_23
t_3479	7_23
t_3480	7_23
t_3481	7_23
t_3482	7_23
t_3483	7_23
t_3484	7_23
t_3485	7_23
t_3486	7_23
t_3487	7_23
t_3488	7_23
t_3489	7_23
t_3490	7_23
t_3491	7_23
t_3492	7_23
t_3493	7_23
t_3494	7_23
t_3495	7_23
t_3496	7_23
t_3497	7_23
t_3498	7_24
t_3499	7_24
t_3500	7_24
t_3501	7_24
t_3502	7_24
t_3503	7_24
t_3504	7_24
t_3505	7_24
t_3506	7_24
t_3507	7_24
t_3508	7_24
t_3509	7_24
t_3510	7_24
t_3511	7_24
t_3512	7_25
t_3513	7_25
t_3514	7_25
t_3515	7_25
t_3516	7_25
t_3517	7_25
t_3518	7_25
t_3519	7_25
t_3520	7_25
t_3521	7_25
t_3522	7_25
t_3523	7_25
t_3524	7_25
t_3525	7_25
t_3526	7_25
t_3527	7_25
t_3528	7_25
t_3529	7_25
t_3530	7_25
t_3531	7_25
t_3532	7_25
t_3533	7_25
t_3534	7_25
t_3535	7_25
t_3536	7_25
t_3537	7_25
t_3538	7_25
t_3539	7_25
t_3540	7_25
t_3541	7_25
t_3542	8_1
t_3543	8_1
t_3544	8_1
t_3545	8_1
t_3546	8_1
t_3547	8_1
t_3548	8_1
t_3549	8_1
t_3550	8_1
t_3551	8_2
t_3552	8_2
t_3553	8_2
t_3554	8_2
t_3555	8_2
t_3556	8_2
t_3557	8_2
t_3558	8_2
t_3559	8_2
t_3560	8_2
t_3561	8_2
t_3562	8_2
t_3563	8_2
t_3564	8_2
t_3565	8_2
t_3566	8_2
t_3567	8_2
t_3568	8_2
t_3569	8_2
t_3570	8_2
t_3571	8_2
t_3572	8_3
t_3573	8_3
t_3574	8_3
t_3575	8_3
t_3576	8_3
t_3577	8_3
t_3578	8_3
t_3579	8_3
t_3580	8_3
t_3581	8_3
t_3582	8_3
t_3583	8_3
t_3584	8_3
t_3585	8_3
t_3586	8_3
t_3587	8_3
t_3588	8_3
t_3589	8_3
t_3590	8_3
t_3591	8_3
t_3592	8_3
t_3593	8_3
t_3594	8_3
t_3595	8_3
t_3596	8_3
t_3597	8_3
t_3598	8_3
t_3599	8_3
t_3600	8_3
t_3601	8_3
t_3602	8_3
t_3603	8_3
t_3604	8_3
t_3605	8_4
t_3606	8_4
t_3607	8_4
t_3608	8_4
t_3609	8_4
t_3610	8_4
t_3611	8_4
t_3612	8_4
t_3613	8_4
t_3614	8_4
t_3615	8_4
t_3616	8_4
t_3617	8_4
t_3618	8_4
t_3619	8_4
t_3620	8_4
t_3621	8_4
t_3622	8_5
t_3623	8_5
t_3624	8_5
t_3625	8_5
t_3626	8_5
t_3627	8_5
t_3628	8_5
t_3629	8_5
t_3630	8_5
t_3631	8_5
t_3632	8_5
t_3633	8_5
t_3634	8_5
t_3635	8_5
t_3636	8_5
t_3637	8_5
t_3638	8_5
t_3639	8_5
t_3640	8_6
t_3641	8_6
t_3642	8_6
t_3643	8_6
t_3644	8_6
t_3645	8_6
t_3646	8_6
t_3647	8_6
t_3648	8_6
t_3649	8_6
t_3650	8_6
t_3651	8_6
t_3652	8_6
t_3653	8_6
t_3654	8_6
t_3655	8_6
t_3656	8_7
t_3657	8_7
t_3658	8_7
t_3659	8_7
t_3660	8_7
t_3661	8_7
t_3662	8_7
t_3663	8_7
t_3664	8_7
t_3665	8_7
t_3666	8_7
t_3667	8_7
t_3668	8_7
t_3669	8_7
t_3670	8_7
t_3671	8_7
t_3672	8_7
t_3673	8_7
t_3674	8_7
t_3675	8_7
t_3676	8_7
t_3677	8_7
t_3678	8_8
t_3679	8_8
t_3680	8_8
t_3681	8_8
t_3682	8_8
t_3683	8_8
t_3684	8_8
t_3685	8_8
t_3686	8_8
t_3687	8_8
t_3688	8_9
t_3689	8_9
t_3690	8_9
t_3691	8_9
t_3692	8_9
t_3693	8_9
t_3694	8_9
t_3695	8_9
t_3696	8_9
t_3697	8_9
t_3698	8_9
t_3699	8_9
t_3700	8_9
t_3701	8_9
t_3702	8_9
t_3703	8_9
t_3704	8_9
t_3705	8_9
t_3706	8_9
t_3707	8_9
t_3708	8_9
t_3709	8_9
t_3710	8_9
t_3711	8_9
t_3712	8_9
t_3713	8_9
t_3714	8_9
t_3715	8_9
t_3716	8_9
t_3717	8_9
t_3718	8_10
t_3719	8_10
t_3720	8_10
t_3721	8_10
t_3722	8_10
t_3723	8_10
t_3724	8_10
t_3725	8_10
t_3726	8_10
t_3727	8_10
t_3728	8_10
t_3729	8_10
t_3730	8_10
t_3731	8_10
t_3732	8_10
t_3733	8_10
t_3734	8_10
t_3735	8_10
t_3736	8_10
t_3737	8_10
t_3738	8_11
t_3739	8_11
t_3740	8_11
t_3741	8_11
t_3742	8_11
t_3743	8_11
t_3744	8_11
t_3745	8_11
t_3746	8_11
t_3747	8_11
t_3748	8_11
t_3749	8_11
t_3750	8_11
t_3751	8_11
t_3752	8_11
t_3753	8_11
t_3754	8_11
t_3755	8_11
t_3756	8_11
t_3757	8_11
t_3758	8_11
t_3759	8_11
t_3760	8_11
t_3761	8_11
t_3762	8_11
t_3763	8_11
t_3764	8_11
t_3765	8_11
t_3766	8_11
t_3767	8_11
t_3768	8_11
t_3769	8_11
t_3770	8_11
t_3771	8_11
t_3772	8_11
t_3773	8_11
t_3774	8_12
t_3775	8_12
t_3776	8_12
t_3777	8_12
t_3778	8_12
t_3779	8_12
t_3780	8_12
t_3781	8_12
t_3782	8_12
t_3783	8_12
t_3784	8_12
t_3785	8_12
t_3786	8_12
t_3787	8_12
t_3788	8_12
t_3789	8_12
t_3790	8_13
t_3791	8_13
t_3792	8_13
t_3793	8_13
t_3794	8_13
t_3795	8_13
t_3796	8_13
t_3797	8_13
t_3798	8_13
t_3799	8_13
t_3800	8_13
t_3801	8_13
t_3802	8_13
t_3803	8_13
t_3804	8_13
t_3805	8_13
t_3806	8_13
t_3807	8_13
t_3808	8_14
t_3809	8_14
t_3810	8_14
t_3811	8_14
t_3812	8_14
t_3813	8_14
t_3814	8_14
t_3815	8_14
t_3816	8_14
t_3817	8_14
t_3818	8_14
t_3819	8_15
t_3820	8_15
t_3821	8_15
t_3822	8_15
t_3823	8_15
t_3824	8_15
t_3825	8_15
t_3826	8_15
t_3827	8_15
t_3828	8_15
t_3829	8_15
t_3830	8_15
t_3831	8_15
t_3832	8_15
t_3833	8_15
t_3834	8_15
t_3835	8_15
t_3836	8_16
t_3837	8_16
t_3838	8_16
t_3839	8_16
t_3840	8_16
t_3841	8_16
t_3842	8_16
t_3843	8_16
t_3844	8_16
t_3845	8_16
t_3846	8_16
t_3847	8_16
t_3848	8_16
t_3849	8_16
t_3850	8_16
t_3851	8_16
t_3852	8_17
t_3853	8_17
t_3854	8_17
t_3855	8_17
t_3856	8_17
t_3857	8_17
t_3858	8_17
t_3859	8_17
t_3860	8_17
t_3861	8_17
t_3862	8_17
t_3863	8_17
t_3864	8_17
t_3865	8_17
t_3866	8_17
t_3867	8_17
t_3868	8_17
t_3869	8_17
t_3870	8_17
t_3871	8_17
t_3872	8_17
t_3873	8_18
t_3874	8_18
t_3875	8_18
t_3876	8_18
t_3877	8_18
t_3878	8_18
t_3879	8_18
t_3880	8_18
t_3881	8_18
t_3882	8_18
t_3883	8_18
t_3884	8_18
t_3885	8_18
t_3886	8_18
t_3887	8_18
t_3888	8_18
t_3889	8_18
t_3890	8_18
t_3891	8_19
t_3892	8_19
t_3893	8_19
t_3894	8_19
t_3895	8_19
t_3896	8_19
t_3897	8_19
t_3898	8_19
t_3899	8_19
t_3900	8_19
t_3901	8_19
t_3902	8_19
t_3903	8_19
t_3904	8_20
t_3905	8_20
t_3906	8_20
t_3907	8_20
t_3908	8_20
t_3909	8_20
t_3910	8_20
t_3911	8_20
t_3912	8_20
t_3913	8_20
t_3914	8_20
t_3915	8_20
t_3916	8_20
t_3917	8_20
t_3918	8_20
t_3919	8_20
t_3920	8_21
t_3921	8_21
t_3922	8_21
t_3923	8_21
t_3924	8_21
t_3925	8_21
t_3926	8_21
t_3927	8_21
t_3928	8_21
t_3929	8_21
t_3930	8_21
t_3931	8_21
t_3932	8_21
t_3933	8_21
t_3934	8_21
t_3935	8_21
t_3936	8_21
t_3937	8_21
t_3938	8_21
t_3939	8_21
t_3940	8_21
t_3941	8_22
t_3942	8_22
t_3943	8_22
t_3944	8_22
t_3945	8_22
t_3946	8_22
t_3947	8_22
t_3948	8_22
t_3949	8_22
t_3950	8_22
t_3951	8_22
t_3952	8_22
t_3953	8_22
t_3954	8_23
t_3955	8_23
t_3956	8_23
t_3957	8_23
t_3958	8_23
t_3959	8_23
t_3960	8_23
t_3961	8_23
t_3962	8_23
t_3963	8_23
t_3964	8_23
t_3965	8_23
t_3966	8_23
t_3967	8_23
t_3968	8_23
t_3969	8_23
t_3970	8_23
t_3971	8_23
t_3972	8_23
t_3973	8_23
t_3974	8_23
t_3975	8_23
t_3976	8_23
t_3977	8_23
t_3978	8_23
t_3979	8_23
t_3980	8_23
t_3981	8_23
t_3982	8_23
t_3983	8_24
t_3984	8_24
t_3985	8_24
t_3986	8_24
t_3987	8_24
t_3988	8_24
t_3989	8_24
t_3990	8_24
t_3991	8_24
t_3992	8_24
t_3993	8_24
t_3994	8_24
t_3995	8_24
t_3996	8_24
t_3997	8_24
t_3998	8_24
t_3999	8_24
t_4000	8_24
t_4001	8_25
t_4002	8_25
t_4003	8_25
t_4004	8_25
t_4005	8_25
t_4006	8_25
t_4007	8_25
t_4008	8_25
t_4009	8_25
t_4010	8_25
t_4011	8_25
t_4012	8_26
t_4013	8_26
t_4014	8_26
t_4015	8_26
t_4016	8_26
t_4017	8_26
t_4018	8_26
t_4019	8_26
t_4020	8_26
t_4021	8_26
t_4022	8_26
t_4023	8_26
t_4024	8_26
t_4025	8_26
t_4026	8_26
t_4027	8_26
t_4028	8_26
t_4029	8_26
t_4030	8_26
t_4031	8_26
t_4032	8_26
t_4033	8_26
t_4034	8_26
t_4035	8_26
t_4036	8_26
t_4037	8_26
t_4038	8_26
t_4039	8_27
t_4040	8_27
t_4041	8_27
t_4042	8_27
t_4043	8_27
t_4044	8_27
t_4045	8_27
t_4046	8_27
t_4047	8_27
t_4048	8_27
t_4049	8_27
t_4050	8_27
t_4051	8_27
t_4052	8_27
t_4053	8_27
t_4054	8_27
t_4055	8_27
t_4056	8_27
t_4057	8_27
t_4058	8_28
t_4059	8_28
t_4060	8_28
t_4061	8_28
t_4062	8_28
t_4063	8_28
t_4064	8_28
t_4065	8_28
t_4066	8_28
t_4067	8_28
t_4068	8_28
t_4069	8_28
t_4070	8_28
t_4071	8_28
t_4072	8_28
t_4073	8_28
t_4074	8_28
t_4075	8_28
t_4076	8_28
t_4077	8_28
t_4078	8_28
t_4079	8_28
t_4080	8_29
t_4081	8_29
t_4082	8_29
t_4083	8_29
t_4084	8_29
t_4085	8_29
t_4086	8_29
t_4087	8_29
t_4088	8_29
t_4089	8_29
t_4090	8_29
t_4091	8_29
t_4092	8_29
t_4093	8_29
t_4094	8_29
t_4095	8_29
t_4096	8_29
t_4097	8_29
t_4098	8_29
t_4099	8_29
t_4100	8_29
t_4101	8_29
t_4102	8_30
t_4103	8_30
t_4104	8_30
t_4105	8_30
t_4106	8_30
t_4107	8_30
t_4108	8_30
t_4109	8_30
t_4110	8_30
t_4111	8_30
t_4112	8_30
t_4113	8_30
t_4114	8_30
t_4115	8_30
t_4116	8_30
t_4117	8_30
t_4118	8_30
t_4119	8_30
t_4120	8_30
t_4121	8_30
t_4122	8_30
t_4123	8_30
t_4124	8_30
t_4125	8_30
t_4126	8_31
t_4127	8_31
t_4128	8_31
t_4129	8_31
t_4130	8_31
t_4131	8_31
t_4132	8_31
t_4133	8_31
t_4134	8_31
t_4135	8_31
t_4136	8_31
t_4137	8_31
t_4138	8_31
t_4139	8_31
t_4140	8_31
t_4141	8_31
t_4142	8_32
t_4143	8_32
t_4144	8_32
t_4145	8_32
t_4146	8_32
t_4147	8_32
t_4148	8_32
t_4149	8_32
t_4150	8_32
t_4151	8_32
t_4152	8_32
t_4153	8_32
t_4154	8_32
t_4155	8_32
t_4156	8_32
t_4157	8_32
t_4158	8_32
t_4159	8_32
t_4160	8_32
t_4161	8_32
t_4162	8_32
t_4163	8_32
t_4164	8_32
t_4165	8_32
t_4166	8_32
t_4167	8_33
t_4168	8_33
t_4169	8_33
t_4170	8_33
t_4171	8_33
t_4172	8_33
t_4173	8_33
t_4174	8_33
t_4175	8_33
t_4176	8_33
t_4177	8_34
t_4178	8_34
t_4179	8_34
t_4180	8_34
t_4181	8_34
t_4182	8_34
t_4183	8_34
t_4184	8_34
t_4185	8_34
t_4186	8_34
t_4187	8_34
t_4188	8_34
t_4189	8_34
t_4190	8_34
t_4191	8_34
t_4192	8_34
t_4193	8_34
t_4194	8_34
t_4195	8_34
t_4196	8_34
t_4197	8_34
t_4198	8_34
t_4199	8_34
t_4200	8_34
t_4201	8_34
t_4202	8_34
t_4203	8_34
t_4204	8_34
t_4205	8_34
t_4206	8_34
t_4207	8_34
t_4208	8_34
t_4209	8_35
t_4210	8_35
t_4211	8_35
t_4212	8_35
t_4213	8_35
t_4214	8_35
t_4215	8_35
t_4216	8_35
t_4217	8_35
t_4218	8_35
t_4219	8_35
t_4220	8_35
t_4221	8_35
t_4222	8_35
t_4223	8_35
t_4224	8_35
t_4225	8_35
t_4226	8_35
t_4227	8_35
t_4228	8_35
t_4229	8_35
t_4230	8_35
t_4231	8_35
t_4232	8_36
t_4233	8_36
t_4234	8_36
t_4235	8_36
t_4236	8_36
t_4237	8_36
t_4238	8_36
t_4239	8_36
t_4240	8_36
t_4241	8_36
t_4242	8_36
t_4243	8_36
t_4244	8_36
t_4245	8_36
t_4246	8_36
t_4247	8_37
t_4248	8_37
t_4249	8_37
t_4250	8_37
t_4251	8_37
t_4252	8_37
t_4253	8_37
t_4254	8_37
t_4255	8_37
t_4256	8_37
t_4257	8_38
t_4258	8_38
t_4259	8_38
t_4260	8_38
t_4261	8_38
t_4262	8_38
t_4263	8_38
t_4264	8_38
t_4265	8_38
t_4266	8_38
t_4267	8_38
t_4268	8_38
t_4269	8_38
t_4270	8_38
t_4271	8_38
t_4272	8_38
t_4273	8_38
t_4274	8_38
t_4275	8_38
t_4276	8_38
t_4277	8_38
t_4278	8_38
t_4279	8_38
t_4280	8_38
t_4281	8_39
t_4282	8_39
t_4283	8_39
t_4284	8_39
t_4285	8_39
t_4286	8_39
t_4287	8_39
t_4288	8_39
t_4289	8_39
t_4290	8_39
t_4291	8_39
t_4292	8_39
t_4293	8_39
t_4294	8_39
t_4295	8_39
t_4296	8_39
t_4297	8_39
t_4298	8_39
t_4299	8_39
t_4300	8_39
t_4301	8_39
t_4302	8_39
t_4303	8_39
t_4304	8_39
t_4305	8_39
t_4306	8_39
t_4307	8_39
t_4308	9_1
t_4309	9_1
t_4310	9_1
t_4311	9_1
t_4312	9_1
t_4313	9_1
t_4314	9_1
t_4315	9_1
t_4316	9_1
t_4317	9_1
t_4318	9_1
t_4319	9_1
t_4320	9_1
t_4321	9_1
t_4322	9_1
t_4323	9_1
t_4324	9_1
t_4325	9_2
t_4326	9_2
t_4327	9_2
t_4328	9_2
t_4329	9_2
t_4330	9_2
t_4331	9_2
t_4332	9_2
t_4333	9_2
t_4334	9_2
t_4335	9_2
t_4336	9_2
t_4337	9_3
t_4338	9_3
t_4339	9_3
t_4340	9_3
t_4341	9_3
t_4342	9_3
t_4343	9_3
t_4344	9_3
t_4345	9_3
t_4346	9_3
t_4347	9_3
t_4348	9_3
t_4349	9_3
t_4350	9_3
t_4351	9_3
t_4352	9_3
t_4353	9_3
t_4354	9_3
t_4355	9_3
t_4356	9_3
t_4357	9_3
t_4358	9_3
t_4359	9_3
t_4360	9_4
t_4361	9_4
t_4362	9_4
t_4363	9_4
t_4364	9_4
t_4365	9_4
t_4366	9_4
t_4367	9_4
t_4368	9_4
t_4369	9_4
t_4370	9_4
t_4371	9_4
t_4372	9_4
t_4373	9_4
t_4374	9_4
t_4375	9_4
t_4376	9_4
t_4377	9_4
t_4378	9_4
t_4379	9_5
t_4380	9_5
t_4381	9_5
t_4382	9_5
t_4383	9_5
t_4384	9_5
t_4385	9_5
t_4386	9_5
t_4387	9_5
t_4388	9_5
t_4389	9_5
t_4390	9_5
t_4391	9_5
t_4392	9_5
t_4393	9_5
t_4394	9_5
t_4395	9_5
t_4396	9_5
t_4397	9_5
t_4398	9_5
t_4399	9_5
t_4400	9_5
t_4401	9_5
t_4402	9_5
t_4403	9_5
t_4404	9_5
t_4405	9_6
t_4406	9_6
t_4407	9_6
t_4408	9_6
t_4409	9_6
t_4410	9_6
t_4411	9_6
t_4412	9_6
t_4413	9_6
t_4414	9_6
t_4415	9_6
t_4416	9_6
t_4417	9_6
t_4418	9_6
t_4419	9_6
t_4420	9_6
t_4421	9_6
t_4422	9_6
t_4423	9_6
t_4424	9_6
t_4425	9_7
t_4426	9_7
t_4427	9_7
t_4428	9_7
t_4429	9_7
t_4430	9_7
t_4431	9_7
t_4432	9_7
t_4433	9_7
t_4434	9_7
t_4435	9_7
t_4436	9_7
t_4437	9_7
t_4438	9_7
t_4439	9_7
t_4440	9_7
t_4441	9_7
t_4442	9_8
t_4443	9_8
t_4444	9_8
t_4445	9_8
t_4446	9_8
t_4447	9_8
t_4448	9_8
t_4449	9_8
t_4450	9_8
t_4451	9_8
t_4452	9_8
t_4453	9_8
t_4454	9_8
t_4455	9_8
t_4456	9_8
t_4457	9_8
t_4458	9_8
t_4459	9_8
t_4460	9_8
t_4461	9_8
t_4462	9_8
t_4463	9_8
t_4464	9_9
t_4465	9_9
t_4466	9_9
t_4467	9_9
t_4468	9_9
t_4469	9_9
t_4470	9_9
t_4471	9_9
t_4472	9_9
t_4473	9_9
t_4474	9_9
t_4475	9_9
t_4476	9_9
t_4477	9_9
t_4478	9_9
t_4479	9_9
t_4480	9_10
t_4481	9_10
t_4482	9_10
t_4483	9_10
t_4484	9_10
t_4485	9_10
t_4486	9_10
t_4487	9_10
t_4488	9_10
t_4489	9_10
t_4490	9_10
t_4491	9_10
t_4492	9_10
t_4493	9_10
t_4494	9_10
t_4495	9_10
t_4496	9_10
t_4497	9_11
t_4498	9_11
t_4499	9_11
t_4500	9_11
t_4501	9_11
t_4502	9_11
t_4503	9_11
t_4504	9_11
t_4505	9_11
t_4506	9_11
t_4507	9_11
t_4508	9_11
t_4509	9_11
t_4510	9_11
t_4511	9_11
t_4512	9_11
t_4513	9_11
t_4514	9_11
t_4515	9_11
t_4516	9_11
t_4517	9_12
t_4518	9_12
t_4519	9_12
t_4520	9_12
t_4521	9_12
t_4522	9_12
t_4523	9_12
t_4524	9_12
t_4525	9_12
t_4526	9_12
t_4527	9_12
t_4528	9_12
t_4529	9_12
t_4530	9_12
t_4531	9_12
t_4532	9_12
t_4533	9_12
t_4534	9_13
t_4535	9_13
t_4536	9_13
t_4537	9_13
t_4538	9_13
t_4539	9_13
t_4540	9_13
t_4541	9_13
t_4542	9_13
t_4543	9_13
t_4544	9_13
t_4545	9_14
t_4546	9_14
t_4547	9_14
t_4548	9_14
t_4549	9_14
t_4550	9_14
t_4551	9_14
t_4552	9_14
t_4553	9_14
t_4554	9_14
t_4555	9_14
t_4556	9_14
t_4557	9_14
t_4558	9_15
t_4559	9_15
t_4560	9_15
t_4561	9_15
t_4562	9_15
t_4563	9_15
t_4564	9_15
t_4565	9_15
t_4566	9_15
t_4567	9_15
t_4568	9_15
t_4569	9_15
t_4570	9_15
t_4571	9_15
t_4572	9_15
t_4573	9_16
t_4574	9_16
t_4575	9_16
t_4576	9_16
t_4577	9_16
t_4578	9_16
t_4579	9_16
t_4580	9_16
t_4581	9_16
t_4582	9_16
t_4583	9_16
t_4584	9_16
t_4585	9_16
t_4586	9_16
t_4587	9_16
t_4588	9_17
t_4589	9_17
t_4590	9_17
t_4591	9_17
t_4592	9_17
t_4593	9_17
t_4594	9_17
t_4595	9_17
t_4596	9_17
t_4597	9_17
t_4598	9_17
t_4599	9_17
t_4600	9_17
t_4601	9_17
t_4602	9_17
t_4603	9_17
t_4604	9_17
t_4605	9_17
t_4606	9_17
t_4607	9_17
t_4608	9_17
t_4609	9_17
t_4610	9_17
t_4611	9_17
t_4612	9_17
t_4613	9_17
t_4614	9_17
t_4615	9_17
t_4616	9_17
t_4617	9_17
t_4618	9_17
t_4619	9_18
t_4620	9_18
t_4621	9_18
t_4622	9_18
t_4623	9_18
t_4624	9_18
t_4625	9_18
t_4626	9_18
t_4627	9_18
t_4628	9_18
t_4629	9_18
t_4630	9_19
t_4631	9_19
t_4632	9_19
t_4633	9_19
t_4634	9_19
t_4635	9_19
t_4636	9_19
t_4637	9_20
t_4638	9_20
t_4639	9_20
t_4640	9_20
t_4641	9_20
t_4642	9_20
t_4643	9_20
t_4644	9_20
t_4645	9_20
t_4646	9_20
t_4647	9_20
t_4648	9_20
t_4649	9_20
t_4650	9_20
t_4651	9_20
t_4652	9_20
t_4653	9_20
t_4654	9_20
t_4655	9_20
t_4656	9_20
t_4657	9_20
t_4658	9_20
t_4659	9_20
t_4660	9_20
t_4661	9_20
t_4662	9_20
t_4663	9_20
t_4664	9_20
t_4665	9_20
t_4666	9_20
t_4667	9_21
t_4668	9_21
t_4669	9_21
t_4670	9_21
t_4671	9_21
t_4672	9_21
t_4673	9_21
t_4674	9_21
t_4675	9_21
t_4676	9_21
t_4677	9_21
t_4678	9_21
t_4679	9_21
t_4680	9_21
t_4681	9_21
t_4682	9_21
t_4683	9_21
t_4684	9_21
t_4685	9_21
t_4686	9_21
t_4687	9_21
t_4688	9_21
t_4689	9_21
t_4690	9_21
t_4691	9_22
t_4692	9_22
t_4693	9_22
t_4694	9_22
t_4695	9_22
t_4696	9_22
t_4697	9_22
t_4698	9_22
t_4699	9_22
t_4700	9_22
t_4701	9_22
t_4702	9_22
t_4703	9_22
t_4704	9_22
t_4705	9_22
t_4706	9_22
t_4707	9_22
t_4708	9_22
t_4709	9_22
t_4710	9_22
t_4711	9_22
t_4712	9_22
t_4713	9_22
t_4714	9_23
t_4715	9_23
t_4716	9_23
t_4717	9_23
t_4718	9_23
t_4719	9_23
t_4720	9_23
t_4721	9_23
t_4722	9_23
t_4723	9_23
t_4724	9_23
t_4725	9_23
t_4726	9_23
t_4727	9_23
t_4728	9_23
t_4729	9_23
t_4730	9_24
t_4731	9_24
t_4732	9_24
t_4733	9_24
t_4734	9_24
t_4735	9_24
t_4736	9_24
t_4737	9_24
t_4738	9_24
t_4739	9_24
t_4740	9_24
t_4741	9_24
t_4742	9_24
t_4743	9_25
t_4744	9_25
t_4745	9_25
t_4746	9_25
t_4747	9_25
t_4748	9_25
t_4749	9_25
t_4750	9_25
t_4751	9_25
t_4752	9_25
t_4753	9_25
t_4754	9_25
t_4755	9_25
t_4756	9_25
t_4757	9_25
t_4758	9_25
t_4759	9_25
t_4760	9_25
t_4761	9_25
t_4762	9_26
t_4763	9_26
t_4764	9_26
t_4765	9_26
t_4766	9_26
t_4767	9_26
t_4768	9_26
t_4769	9_26
t_4770	9_26
t_4771	9_26
t_4772	9_26
t_4773	9_26
t_4774	9_26
t_4775	9_26
t_4776	9_26
t_4777	9_26
t_4778	9_26
t_4779	9_26
t_4780	9_26
t_4781	9_26
t_4782	9_26
t_4783	9_27
t_4784	9_27
t_4785	9_27
t_4786	9_27
t_4787	9_27
t_4788	9_27
t_4789	9_27
t_4790	9_27
t_4791	9_27
t_4792	9_27
t_4793	9_27
t_4794	9_27
t_4795	9_27
t_4796	9_27
t_4797	9_27
t_4798	9_27
t_4799	9_27
t_4800	9_27
t_4801	9_27
t_4802	9_27
t_4803	9_27
t_4804	9_27
t_4805	9_27
t_4806	9_27
t_4807	9_28
t_4808	9_28
t_4809	9_28
t_4810	9_28
t_4811	9_28
t_4812	9_28
t_4813	9_28
t_4814	9_28
t_4815	9_28
t_4816	9_28
t_4817	9_28
t_4818	9_29
t_4819	9_29
t_4820	9_29
t_4821	9_29
t_4822	9_29
t_4823	9_29
t_4824	9_29
t_4825	9_29
t_4826	9_29
t_4827	9_29
t_4828	9_29
t_4829	9_29
t_4830	9_29
t_4831	9_29
t_4832	9_29
t_4833	9_29
t_4834	9_29
t_4835	9_29
t_4836	9_29
t_4837	9_29
t_4838	9_29
t_4839	9_29
t_4840	9_30
t_4841	9_30
t_4842	9_30
t_4843	9_30
t_4844	9_30
t_4845	9_30
t_4846	9_30
t_4847	9_30
t_4848	9_30
t_4849	9_30
t_4850	9_30
t_4851	9_30
t_4852	9_30
t_4853	9_30
t_4854	9_30
t_4855	9_30
t_4856	9_30
t_4857	9_30
t_4858	9_30
t_4859	9_31
t_4860	9_31
t_4861	9_31
t_4862	9_31
t_4863	9_31
t_4864	9_31
t_4865	9_31
t_4866	9_31
t_4867	9_31
t_4868	9_31
t_4869	9_31
t_4870	9_31
t_4871	9_31
t_4872	9_31
t_4873	9_31
t_4874	9_31
t_4875	9_31
t_4876	9_31
t_4877	9_31
t_4878	9_31
t_4879	9_31
t_4880	9_31
t_4881	9_32
t_4882	9_32
t_4883	9_32
t_4884	9_32
t_4885	9_32
t_4886	9_32
t_4887	9_33
t_4888	9_33
t_4889	9_33
t_4890	9_33
t_4891	9_33
t_4892	9_33
t_4893	9_33
t_4894	9_33
t_4895	9_33
t_4896	9_33
t_4897	9_33
t_4898	9_33
t_4899	9_33
t_4900	9_33
t_4901	9_33
t_4902	9_33
t_4903	9_33
t_4904	9_33
t_4905	9_33
t_4906	9_33
t_4907	10_1
t_4908	10_1
t_4909	10_1
t_4910	10_1
t_4911	10_1
t_4912	10_1
t_4913	10_1
t_4914	10_1
t_4915	10_1
t_4916	10_1
t_4917	10_1
t_4918	10_1
t_4919	10_1
t_4920	10_1
t_4921	10_1
t_4922	10_1
t_4923	10_1
t_4924	10_1
t_4925	10_1
t_4926	10_2
t_4927	10_2
t_4928	10_2
t_4929	10_2
t_4930	10_2
t_4931	10_2
t_4932	10_2
t_4933	10_2
t_4934	10_2
t_4935	10_2
t_4936	10_2
t_4937	10_2
t_4938	10_2
t_4939	10_3
t_4940	10_3
t_4941	10_3
t_4942	10_3
t_4943	10_3
t_4944	10_3
t_4945	10_3
t_4946	10_3
t_4947	10_3
t_4948	10_3
t_4949	10_3
t_4950	10_3
t_4951	10_3
t_4952	10_3
t_4953	10_3
t_4954	10_3
t_4955	10_3
t_4956	10_3
t_4957	10_3
t_4958	10_3
t_4959	10_4
t_4960	10_4
t_4961	10_4
t_4962	10_4
t_4963	10_4
t_4964	10_4
t_4965	10_4
t_4966	10_4
t_4967	10_4
t_4968	10_4
t_4969	10_5
t_4970	10_5
t_4971	10_5
t_4972	10_5
t_4973	10_5
t_4974	10_5
t_4975	10_5
t_4976	10_5
t_4977	10_5
t_4978	10_5
t_4979	10_5
t_4980	10_5
t_4981	10_5
t_4982	10_5
t_4983	10_5
t_4984	10_5
t_4985	10_6
t_4986	10_6
t_4987	10_6
t_4988	10_6
t_4989	10_6
t_4990	10_6
t_4991	10_6
t_4992	10_6
t_4993	10_6
t_4994	10_6
t_4995	10_6
t_4996	10_6
t_4997	10_6
t_4998	10_6
t_4999	10_6
t_5000	10_6
t_5001	10_6
t_5002	10_6
t_5003	10_6
t_5004	10_6
t_5005	10_6
t_5006	10_6
t_5007	10_6
t_5008	10_6
t_5009	10_7
t_5010	10_7
t_5011	10_7
t_5012	10_7
t_5013	10_7
t_5014	10_7
t_5015	10_7
t_5016	10_7
t_5017	10_7
t_5018	10_7
t_5019	10_7
t_5020	10_7
t_5021	10_7
t_5022	10_7
t_5023	10_8
t_5024	10_8
t_5025	10_8
t_5026	10_8
t_5027	10_8
t_5028	10_8
t_5029	10_8
t_5030	10_8
t_5031	10_8
t_5032	10_8
t_5033	10_8
t_5034	10_8
t_5035	10_8
t_5036	10_8
t_5037	10_8
t_5038	10_8
t_5039	10_8
t_5040	10_8
t_5041	10_8
t_5042	10_8
t_5043	10_8
t_5044	10_8
t_5045	10_8
t_5046	10_8
t_5047	10_8
t_5048	10_8
t_5049	10_8
t_5050	10_8
t_5051	10_8
t_5052	10_9
t_5053	10_9
t_5054	10_9
t_5055	10_9
t_5056	10_9
t_5057	10_9
t_5058	10_9
t_5059	10_9
t_5060	10_9
t_5061	10_9
t_5062	10_9
t_5063	10_9
t_5064	10_9
t_5065	10_9
t_5066	10_9
t_5067	10_9
t_5068	10_9
t_5069	10_9
t_5070	10_9
t_5071	10_9
t_5072	10_9
t_5073	10_9
t_5074	10_9
t_5075	10_9
t_5076	10_9
t_5077	10_9
t_5078	10_9
t_5079	10_9
t_5080	10_9
t_5081	10_10
t_5082	10_10
t_5083	10_10
t_5084	10_10
t_5085	10_10
t_5086	10_10
t_5087	10_10
t_5088	10_10
t_5089	10_10
t_5090	10_10
t_5091	10_10
t_5092	10_10
t_5093	10_11
t_5094	10_11
t_5095	10_11
t_5096	10_11
t_5097	10_11
t_5098	10_11
t_5099	10_11
t_5100	10_11
t_5101	10_11
t_5102	10_11
t_5103	10_11
t_5104	10_11
t_5105	10_12
t_5106	10_12
t_5107	10_12
t_5108	10_12
t_5109	10_12
t_5110	10_12
t_5111	10_12
t_5112	10_12
t_5113	10_12
t_5114	10_12
t_5115	10_12
t_5116	10_12
t_5117	10_12
t_5118	10_12
t_5119	10_12
t_5120	10_12
t_5121	10_12
t_5122	10_12
t_5123	10_12
t_5124	10_12
t_5125	10_12
t_5126	10_12
t_5127	10_13
t_5128	10_13
t_5129	10_13
t_5130	10_13
t_5131	10_13
t_5132	10_13
t_5133	10_13
t_5134	10_13
t_5135	10_13
t_5136	10_13
t_5137	10_14
t_5138	10_14
t_5139	10_14
t_5140	10_14
t_5141	10_14
t_5142	10_14
t_5143	10_14
t_5144	10_14
t_5145	10_14
t_5146	10_14
t_5147	10_14
t_5148	10_14
t_5149	10_14
t_5150	10_14
t_5151	10_14
t_5152	10_14
t_5153	10_14
t_5154	10_14
t_5155	10_14
t_5156	10_14
t_5157	10_14
t_5158	10_15
t_5159	10_15
t_5160	10_15
t_5161	10_15
t_5162	10_15
t_5163	10_15
t_5164	10_15
t_5165	10_15
t_5166	10_15
t_5167	10_15
t_5168	10_15
t_5169	10_15
t_5170	10_15
t_5171	10_15
t_5172	10_15
t_5173	10_15
t_5174	10_15
t_5175	10_16
t_5176	10_16
t_5177	10_16
t_5178	10_16
t_5179	10_16
t_5180	10_16
t_5181	10_16
t_5182	10_16
t_5183	10_16
t_5184	10_16
t_5185	10_16
t_5186	10_16
t_5187	10_16
t_5188	10_16
t_5189	10_16
t_5190	10_16
t_5191	10_16
t_5192	10_16
t_5193	10_17
t_5194	10_17
t_5195	10_17
t_5196	10_17
t_5197	10_17
t_5198	10_17
t_5199	10_17
t_5200	10_17
t_5201	10_17
t_5202	10_17
t_5203	10_17
t_5204	10_17
t_5205	10_17
t_5206	10_18
t_5207	10_18
t_5208	10_18
t_5209	10_18
t_5210	10_18
t_5211	10_18
t_5212	10_18
t_5213	10_18
t_5214	10_18
t_5215	10_18
t_5216	10_18
t_5217	10_18
t_5218	10_18
t_5219	10_18
t_5220	10_18
t_5221	10_18
t_5222	10_18
t_5223	10_18
t_5224	10_18
t_5225	10_18
t_5226	10_18
t_5227	10_18
t_5228	10_18
t_5229	10_18
t_5230	10_18
t_5231	10_18
t_5232	10_18
t_5233	10_19
t_5234	10_19
t_5235	10_19
t_5236	10_19
t_5237	10_19
t_5238	10_19
t_5239	10_19
t_5240	10_19
t_5241	10_19
t_5242	10_19
t_5243	10_19
t_5244	10_19
t_5245	10_19
t_5246	10_19
t_5247	10_19
t_5248	10_19
t_5249	10_19
t_5250	10_19
t_5251	10_19
t_5252	10_19
t_5253	10_19
t_5254	10_19
t_5255	10_19
t_5256	10_19
t_5257	10_20
t_5258	10_20
t_5259	10_20
t_5260	10_20
t_5261	10_20
t_5262	10_20
t_5263	10_20
t_5264	10_20
t_5265	10_20
t_5266	10_20
t_5267	10_20
t_5268	10_20
t_5269	10_20
t_5270	10_20
t_5271	10_20
t_5272	10_20
t_5273	10_20
t_5274	10_20
t_5275	10_21
t_5276	10_21
t_5277	10_21
t_5278	10_21
t_5279	10_21
t_5280	10_21
t_5281	10_21
t_5282	10_21
t_5283	10_21
t_5284	10_21
t_5285	10_21
t_5286	10_21
t_5287	10_21
t_5288	10_21
t_5289	10_21
t_5290	10_21
t_5291	10_21
t_5292	10_21
t_5293	11_1
t_5294	11_1
t_5295	11_1
t_5296	11_1
t_5297	11_1
t_5298	11_1
t_5299	11_1
t_5300	11_1
t_5301	11_1
t_5302	11_1
t_5303	11_1
t_5304	11_1
t_5305	11_1
t_5306	11_1
t_5307	11_1
t_5308	11_1
t_5309	11_1
t_5310	11_1
t_5311	11_1
t_5312	11_1
t_5313	11_1
t_5314	11_1
t_5315	11_1
t_5316	11_1
t_5317	11_1
t_5318	11_1
t_5319	11_1
t_5320	11_2
t_5321	11_2
t_5322	11_2
t_5323	11_2
t_5324	11_2
t_5325	11_2
t_5326	11_2
t_5327	11_2
t_5328	11_2
t_5329	11_2
t_5330	11_2
t_5331	11_2
t_5332	11_2
t_5333	11_2
t_5334	11_2
t_5335	11_2
t_5336	11_2
t_5337	11_2
t_5338	11_2
t_5339	11_2
t_5340	11_2
t_5341	11_2
t_5342	11_2
t_5343	11_2
t_5344	11_2
t_5345	11_2
t_5346	11_2
t_5347	11_2
t_5348	11_3
t_5349	11_3
t_5350	11_3
t_5351	11_3
t_5352	11_3
t_5353	11_3
t_5354	11_3
t_5355	11_3
t_5356	11_3
t_5357	11_3
t_5358	11_3
t_5359	11_3
t_5360	11_3
t_5361	11_3
t_5362	11_3
t_5363	11_3
t_5364	11_3
t_5365	11_3
t_5366	11_3
t_5367	11_3
t_5368	11_3
t_5369	11_3
t_5370	11_3
t_5371	11_4
t_5372	11_4
t_5373	11_4
t_5374	11_4
t_5375	11_4
t_5376	11_4
t_5377	11_4
t_5378	11_4
t_5379	11_4
t_5380	11_4
t_5381	11_4
t_5382	11_4
t_5383	11_4
t_5384	11_4
t_5385	11_4
t_5386	11_4
t_5387	11_4
t_5388	11_4
t_5389	11_4
t_5390	11_5
t_5391	11_5
t_5392	11_5
t_5393	11_5
t_5394	11_5
t_5395	11_5
t_5396	11_5
t_5397	11_5
t_5398	11_5
t_5399	11_5
t_5400	11_5
t_5401	11_5
t_5402	11_5
t_5403	11_6
t_5404	11_6
t_5405	11_6
t_5406	11_6
t_5407	11_6
t_5408	11_6
t_5409	11_6
t_5410	11_6
t_5411	11_6
t_5412	11_6
t_5413	11_6
t_5414	11_6
t_5415	11_6
t_5416	11_6
t_5417	11_6
t_5418	11_7
t_5419	11_7
t_5420	11_7
t_5421	11_7
t_5422	11_7
t_5423	11_7
t_5424	11_7
t_5425	11_7
t_5426	11_7
t_5427	11_7
t_5428	11_7
t_5429	11_7
t_5430	11_7
t_5431	11_7
t_5432	11_7
t_5433	11_7
t_5434	11_7
t_5435	11_7
t_5436	11_7
t_5437	11_7
t_5438	11_7
t_5439	11_8
t_5440	11_8
t_5441	11_8
t_5442	11_8
t_5443	11_8
t_5444	11_8
t_5445	11_8
t_5446	11_8
t_5447	11_8
t_5448	11_8
t_5449	11_8
t_5450	11_8
t_5451	11_8
t_5452	11_8
t_5453	11_8
t_5454	11_8
t_5455	11_8
t_5456	11_8
t_5457	11_8
t_5458	11_8
t_5459	11_8
t_5460	11_8
t_5461	11_8
t_5462	11_8
t_5463	11_9
t_5464	11_9
t_5465	11_9
t_5466	11_9
t_5467	11_9
t_5468	11_9
t_5469	11_9
t_5470	11_9
t_5471	11_9
t_5472	11_9
t_5473	11_9
t_5474	11_9
t_5475	11_9
t_5476	11_9
t_5477	11_9
t_5478	11_9
t_5479	11_9
t_5480	11_9
t_5481	11_9
t_5482	11_9
t_5483	11_10
t_5484	11_10
t_5485	11_10
t_5486	11_10
t_5487	11_10
t_5488	11_10
t_5489	11_10
t_5490	11_10
t_5491	11_10
t_5492	11_10
t_5493	11_10
t_5494	11_10
t_5495	11_10
t_5496	11_10
t_5497	11_10
t_5498	11_10
t_5499	11_11
t_5500	11_11
t_5501	11_11
t_5502	11_11
t_5503	11_11
t_5504	11_11
t_5505	11_11
t_5506	11_11
t_5507	11_11
t_5508	11_11
t_5509	11_11
t_5510	11_11
t_5511	11_11
t_5512	11_11
t_5513	11_11
t_5514	11_11
t_5515	11_11
t_5516	11_11
t_5517	11_11
t_5518	11_11
t_5519	11_11
t_5520	11_11
t_5521	11_11
t_5522	11_11
t_5523	11_11
t_5524	11_12
t_5525	11_12
t_5526	11_12
t_5527	11_12
t_5528	11_12
t_5529	11_12
t_5530	11_12
t_5531	11_12
t_5532	11_12
t_5533	11_12
t_5534	11_12
t_5535	11_12
t_5536	11_12
t_5537	11_12
t_5538	11_12
t_5539	11_12
t_5540	11_12
t_5541	11_12
t_5542	11_12
t_5543	11_12
t_5544	11_13
t_5545	11_13
t_5546	11_13
t_5547	11_13
t_5548	11_13
t_5549	11_13
t_5550	11_13
t_5551	11_13
t_5552	11_13
t_5553	11_13
t_5554	11_13
t_5555	11_13
t_5556	11_13
t_5557	11_13
t_5558	11_13
t_5559	11_13
t_5560	11_13
t_5561	11_13
t_5562	11_13
t_5563	11_13
t_5564	11_14
t_5565	11_14
t_5566	11_14
t_5567	11_14
t_5568	11_14
t_5569	11_14
t_5570	11_14
t_5571	11_14
t_5572	11_14
t_5573	11_14
t_5574	11_14
t_5575	11_14
t_5576	11_15
t_5577	11_15
t_5578	11_15
t_5579	11_15
t_5580	11_15
t_5581	11_15
t_5582	11_15
t_5583	11_15
t_5584	11_15
t_5585	11_15
t_5586	11_15
t_5587	11_15
t_5588	11_15
t_5589	11_15
t_5590	11_15
t_5591	11_15
t_5592	11_15
t_5593	11_16
t_5594	11_16
t_5595	11_16
t_5596	11_16
t_5597	11_16
t_5598	11_16
t_5599	11_16
t_5600	11_16
t_5601	11_16
t_5602	11_16
t_5603	11_16
t_5604	11_16
t_5605	11_16
t_5606	11_16
t_5607	11_16
t_5608	11_16
t_5609	11_16
t_5610	11_16
t_5611	11_16
t_5612	11_16
t_5613	11_17
t_5614	11_17
t_5615	11_17
t_5616	11_17
t_5617	11_17
t_5618	11_17
t_5619	11_17
t_5620	11_17
t_5621	11_17
t_5622	11_17
t_5623	11_17
t_5624	11_17
t_5625	11_17
t_5626	11_17
t_5627	11_17
t_5628	11_17
t_5629	11_17
t_5630	11_17
t_5631	11_17
t_5632	11_17
t_5633	11_17
t_5634	11_17
t_5635	11_17
t_5636	11_17
t_5637	11_17
t_5638	11_17
t_5639	11_17
t_5640	11_17
t_5641	11_17
t_5642	11_18
t_5643	11_18
t_5644	11_18
t_5645	11_18
t_5646	11_18
t_5647	11_18
t_5648	11_18
t_5649	11_18
t_5650	11_18
t_5651	11_18
t_5652	11_18
t_5653	11_18
t_5654	11_18
t_5655	11_18
t_5656	11_19
t_5657	11_19
t_5658	11_19
t_5659	11_19
t_5660	11_19
t_5661	11_19
t_5662	11_19
t_5663	11_19
t_5664	11_19
t_5665	11_19
t_5666	11_20
t_5667	11_20
t_5668	11_20
t_5669	11_20
t_5670	11_20
t_5671	11_20
t_5672	11_20
t_5673	11_20
t_5674	11_20
t_5675	11_20
t_5676	11_21
t_5677	11_21
t_5678	11_21
t_5679	11_21
t_5680	11_21
t_5681	11_21
t_5682	11_21
t_5683	11_21
t_5684	11_21
t_5685	11_21
t_5686	11_21
t_5687	11_21
t_5688	11_21
t_5689	11_21
t_5690	11_21
t_5691	11_21
t_5692	11_21
t_5693	11_21
t_5694	11_21
t_5695	11_21
t_5696	11_21
t_5697	11_21
t_5698	11_21
t_5699	11_21
t_5700	11_21
t_5701	11_21
t_5702	11_21
t_5703	11_21
t_5704	11_21
t_5705	11_21
t_5706	11_22
t_5707	11_22
t_5708	11_22
t_5709	11_22
t_5710	11_22
t_5711	11_22
t_5712	11_22
t_5713	11_22
t_5714	11_22
t_5715	11_22
t_5716	11_22
t_5717	11_22
t_5718	11_22
t_5719	11_22
t_5720	11_22
t_5721	11_22
t_5722	11_22
t_5723	11_22
t_5724	11_22
t_5725	11_22
t_5726	11_22
t_5727	11_22
t_5728	11_23
t_5729	11_23
t_5730	11_23
t_5731	11_23
t_5732	11_23
t_5733	11_23
t_5734	11_23
t_5735	11_23
t_5736	11_23
t_5737	11_23
t_5738	11_23
t_5739	11_23
t_5740	11_23
t_5741	11_23
t_5742	11_23
t_5743	11_23
t_5744	11_23
t_5745	11_23
t_5746	11_23
t_5747	11_23
t_5748	11_23
t_5749	11_24
t_5750	11_24
t_5751	11_24
t_5752	11_24
t_5753	11_24
t_5754	11_24
t_5755	11_24
t_5756	11_24
t_5757	11_24
t_5758	11_24
t_5759	11_24
t_5760	11_24
t_5761	11_24
t_5762	11_24
t_5763	11_24
t_5764	11_24
t_5765	11_24
t_5766	11_24
t_5767	11_24
t_5768	11_24
t_5769	11_24
t_5770	11_24
t_5771	11_24
t_5772	11_24
t_5773	11_24
t_5774	11_24
t_5775	11_24
t_5776	11_25
t_5777	11_25
t_5778	11_25
t_5779	11_25
t_5780	11_25
t_5781	11_25
t_5782	11_25
t_5783	11_25
t_5784	11_25
t_5785	11_25
t_5786	11_25
t_5787	11_25
t_5788	11_25
t_5789	11_25
t_5790	11_25
t_5791	11_25
t_5792	11_25
t_5793	11_25
t_5794	11_25
t_5795	11_25
t_5796	11_25
t_5797	11_25
t_5798	11_25
t_5799	11_25
t_5800	11_25
t_5801	11_25
t_5802	11_25
t_5803	11_25
t_5804	11_25
t_5805	11_25
t_5806	11_25
t_5807	11_25
t_5808	11_25
t_5809	11_25
t_5810	11_25
t_5811	11_25
t_5812	11_25
t_5813	11_25
t_5814	11_25
t_5815	11_25
t_5816	11_26
t_5817	11_26
t_5818	11_26
t_5819	11_26
t_5820	11_26
t_5821	11_26
t_5822	11_26
t_5823	11_26
t_5824	11_26
t_5825	11_26
t_5826	11_26
t_5827	11_26
t_5828	11_26
t_5829	11_27
t_5830	11_27
t_5831	11_27
t_5832	11_27
t_5833	11_27
t_5834	11_27
t_5835	11_27
t_5836	11_27
t_5837	11_27
t_5838	11_27
t_5839	11_27
t_5840	11_27
t_5841	11_27
t_5842	11_27
t_5843	11_28
t_5844	11_28
t_5845	11_28
t_5846	11_28
t_5847	11_28
t_5848	11_28
t_5849	11_28
t_5850	11_28
t_5851	11_28
t_5852	11_28
t_5853	11_28
t_5854	11_28
t_5855	11_28
t_5856	11_28
t_5857	11_28
t_5858	11_28
t_5859	11_28
t_5860	11_29
t_5861	11_29
t_5862	11_29
t_5863	11_29
t_5864	11_29
t_5865	11_29
t_5866	11_29
t_5867	11_29
t_5868	11_29
t_5869	11_29
t_5870	11_30
t_5871	11_30
t_5872	11_30
t_5873	11_30
t_5874	11_30
t_5875	11_30
t_5876	11_30
t_5877	11_30
t_5878	11_30
t_5879	11_30
t_5880	11_30
t_5881	11_30
t_5882	11_30
t_5883	11_30
t_5884	11_30
t_5885	11_31
t_5886	11_31
t_5887	11_31
t_5888	11_31
t_5889	11_31
t_5890	11_31
t_5891	11_31
t_5892	11_31
t_5893	11_31
t_5894	11_31
t_5895	11_31
t_5896	11_31
t_5897	11_31
t_5898	11_31
t_5899	11_32
t_5900	11_32
t_5901	11_32
t_5902	11_32
t_5903	11_32
t_5904	11_32
t_5905	11_32
t_5906	11_32
t_5907	11_32
t_5908	11_32
t_5909	11_32
t_5910	11_32
t_5911	11_32
t_5912	11_33
t_5913	11_33
t_5914	11_33
t_5915	11_33
t_5916	11_33
t_5917	11_33
t_5918	11_33
t_5919	11_33
t_5920	11_33
t_5921	11_33
t_5922	11_33
t_5923	11_33
t_5924	11_33
t_5925	11_33
t_5926	11_33
t_5927	11_33
t_5928	11_33
t_5929	11_33
t_5930	11_33
t_5931	11_33
t_5932	11_34
t_5933	11_34
t_5934	11_34
t_5935	11_34
t_5936	11_34
t_5937	11_34
t_5938	11_34
t_5939	11_34
t_5940	11_34
t_5941	11_34
t_5942	11_34
t_5943	11_34
t_5944	11_35
t_5945	11_35
t_5946	11_35
t_5947	11_35
t_5948	11_35
t_5949	11_35
t_5950	11_35
t_5951	11_35
t_5952	11_35
t_5953	11_36
t_5954	11_36
t_5955	11_36
t_5956	11_36
t_5957	11_36
t_5958	11_36
t_5959	11_36
t_5960	11_36
t_5961	11_36
t_5962	11_36
t_5963	11_36
t_5964	11_36
t_5965	11_36
t_5966	11_36
t_5967	11_36
t_5968	11_36
t_5969	11_36
t_5970	11_36
t_5971	11_36
t_5972	11_36
t_5973	11_36
t_5974	12_1
t_5975	12_1
t_5976	12_1
t_5977	12_1
t_5978	12_1
t_5979	12_1
t_5980	12_1
t_5981	12_1
t_5982	12_1
t_5983	12_1
t_5984	12_1
t_5985	12_1
t_5986	12_1
t_5987	12_1
t_5988	12_1
t_5989	12_1
t_5990	12_1
t_5991	12_1
t_5992	12_1
t_5993	12_1
t_5994	12_1
t_5995	12_1
t_5996	12_1
t_5997	12_1
t_5998	12_1
t_5999	12_1
t_6000	12_1
t_6001	12_2
t_6002	12_2
t_6003	12_2
t_6004	12_2
t_6005	12_2
t_6006	12_2
t_6007	12_2
t_6008	12_2
t_6009	12_2
t_6010	12_2
t_6011	12_2
t_6012	12_2
t_6013	12_2
t_6014	12_2
t_6015	12_2
t_6016	12_2
t_6017	12_2
t_6018	12_2
t_6019	12_2
t_6020	12_2
t_6021	12_2
t_6022	12_2
t_6023	12_2
t_6024	12_2
t_6025	12_2
t_6026	12_2
t_6027	12_2
t_6028	12_2
t_6029	12_2
t_6030	12_2
t_6031	12_2
t_6032	12_3
t_6033	12_3
t_6034	12_3
t_6035	12_3
t_6036	12_3
t_6037	12_3
t_6038	12_3
t_6039	12_3
t_6040	12_3
t_6041	12_3
t_6042	12_3
t_6043	12_3
t_6044	12_3
t_6045	12_3
t_6046	12_3
t_6047	12_3
t_6048	12_3
t_6049	12_3
t_6050	12_3
t_6051	12_3
t_6052	12_3
t_6053	12_3
t_6054	12_3
t_6055	12_3
t_6056	12_3
t_6057	12_3
t_6058	12_3
t_6059	12_3
t_6060	12_3
t_6061	12_3
t_6062	12_3
t_6063	12_3
t_6064	12_3
t_6065	12_3
t_6066	12_4
t_6067	12_4
t_6068	12_4
t_6069	12_4
t_6070	12_4
t_6071	12_4
t_6072	12_4
t_6073	12_4
t_6074	12_4
t_6075	12_4
t_6076	12_4
t_6077	12_4
t_6078	12_4
t_6079	12_4
t_6080	12_4
t_6081	12_4
t_6082	12_4
t_6083	12_4
t_6084	12_4
t_6085	12_5
t_6086	12_5
t_6087	12_5
t_6088	12_5
t_6089	12_5
t_6090	12_5
t_6091	12_5
t_6092	12_5
t_6093	12_5
t_6094	12_5
t_6095	12_5
t_6096	12_5
t_6097	12_5
t_6098	12_5
t_6099	12_5
t_6100	12_5
t_6101	12_6
t_6102	12_6
t_6103	12_6
t_6104	12_6
t_6105	12_6
t_6106	12_6
t_6107	12_6
t_6108	12_6
t_6109	12_6
t_6110	12_6
t_6111	12_6
t_6112	12_6
t_6113	12_6
t_6114	12_6
t_6115	12_6
t_6116	12_6
t_6117	12_6
t_6118	12_6
t_6119	12_6
t_6120	12_6
t_6121	12_7
t_6122	12_7
t_6123	12_7
t_6124	12_7
t_6125	12_7
t_6126	12_7
t_6127	12_7
t_6128	12_7
t_6129	12_7
t_6130	12_7
t_6131	12_7
t_6132	12_7
t_6133	12_7
t_6134	12_7
t_6135	12_7
t_6136	12_8
t_6137	12_8
t_6138	12_8
t_6139	12_8
t_6140	12_8
t_6141	12_8
t_6142	12_8
t_6143	12_8
t_6144	12_8
t_6145	12_8
t_6146	12_8
t_6147	12_8
t_6148	12_8
t_6149	12_8
t_6150	12_8
t_6151	12_8
t_6152	12_8
t_6153	12_8
t_6154	12_8
t_6155	12_8
t_6156	12_8
t_6157	12_8
t_6158	12_8
t_6159	12_9
t_6160	12_9
t_6161	12_9
t_6162	12_9
t_6163	12_10
t_6164	12_10
t_6165	12_10
t_6166	12_10
t_6167	12_10
t_6168	12_10
t_6169	12_10
t_6170	12_10
t_6171	12_10
t_6172	12_10
t_6173	12_10
t_6174	12_10
t_6175	12_10
t_6176	12_10
t_6177	12_10
t_6178	12_10
t_6179	12_10
t_6180	12_10
t_6181	12_10
t_6182	12_11
t_6183	12_11
t_6184	12_11
t_6185	12_11
t_6186	12_11
t_6187	12_11
t_6188	12_11
t_6189	12_11
t_6190	12_11
t_6191	12_11
t_6192	12_11
t_6193	12_11
t_6194	12_11
t_6195	12_12
t_6196	12_12
t_6197	12_12
t_6198	12_12
t_6199	12_12
t_6200	12_12
t_6201	12_12
t_6202	12_12
t_6203	12_12
t_6204	12_12
t_6205	12_12
t_6206	12_12
t_6207	12_13
t_6208	12_13
t_6209	12_13
t_6210	12_13
t_6211	12_13
t_6212	12_13
t_6213	12_13
t_6214	12_13
t_6215	12_13
t_6216	12_13
t_6217	12_14
t_6218	12_14
t_6219	12_14
t_6220	12_14
t_6221	12_14
t_6222	12_14
t_6223	12_14
t_6224	12_14
t_6225	12_14
t_6226	12_15
t_6227	12_15
t_6228	12_15
t_6229	12_15
t_6230	12_15
t_6231	12_15
t_6232	12_15
t_6233	12_15
t_6234	12_16
t_6235	12_16
t_6236	12_16
t_6237	12_16
t_6238	12_16
t_6239	12_16
t_6240	12_16
t_6241	12_16
t_6242	12_16
t_6243	12_16
t_6244	12_16
t_6245	12_16
t_6246	12_16
t_6247	12_16
t_6248	12_16
t_6249	12_16
t_6250	12_16
t_6251	12_16
t_6252	12_16
t_6253	12_16
t_6254	12_16
t_6255	12_17
t_6256	12_17
t_6257	12_17
t_6258	12_17
t_6259	12_17
t_6260	12_17
t_6261	12_17
t_6262	12_17
t_6263	12_17
t_6264	12_17
t_6265	12_17
t_6266	12_17
t_6267	12_18
t_6268	12_18
t_6269	12_18
t_6270	12_18
t_6271	12_18
t_6272	12_18
t_6273	12_18
t_6274	12_18
t_6275	12_18
t_6276	12_18
t_6277	12_18
t_6278	12_19
t_6279	12_19
t_6280	12_19
t_6281	12_19
t_6282	12_19
t_6283	12_19
t_6284	12_19
t_6285	12_19
t_6286	12_19
t_6287	12_19
t_6288	12_19
t_6289	12_19
t_6290	12_19
t_6291	12_19
t_6292	12_19
t_6293	12_19
t_6294	12_19
t_6295	12_19
t_6296	12_19
t_6297	12_19
t_6298	12_19
t_6299	12_19
t_6300	12_19
t_6301	12_20
t_6302	12_20
t_6303	12_20
t_6304	12_20
t_6305	12_20
t_6306	12_20
t_6307	12_20
t_6308	12_20
t_6309	12_20
t_6310	12_20
t_6311	12_20
t_6312	12_20
t_6313	12_20
t_6314	12_20
t_6315	12_20
t_6316	12_20
t_6317	12_20
t_6318	12_20
t_6319	12_20
t_6320	12_20
t_6321	12_20
t_6322	12_20
t_6323	12_20
t_6324	12_20
t_6325	12_20
t_6326	12_20
t_6327	12_21
t_6328	12_21
t_6329	12_21
t_6330	12_21
t_6331	12_21
t_6332	12_21
t_6333	12_21
t_6334	12_21
t_6335	12_21
t_6336	12_21
t_6337	12_21
t_6338	12_21
t_6339	12_21
t_6340	12_21
t_6341	13_1
t_6342	13_1
t_6343	13_1
t_6344	13_1
t_6345	13_1
t_6346	13_1
t_6347	13_1
t_6348	13_1
t_6349	13_1
t_6350	13_1
t_6351	13_1
t_6352	13_1
t_6353	13_1
t_6354	13_1
t_6355	13_1
t_6356	13_1
t_6357	13_1
t_6358	13_1
t_6359	13_1
t_6360	13_1
t_6361	13_1
t_6362	13_1
t_6363	13_1
t_6364	13_2
t_6365	13_2
t_6366	13_2
t_6367	13_2
t_6368	13_2
t_6369	13_2
t_6370	13_2
t_6371	13_2
t_6372	13_2
t_6373	13_2
t_6374	13_2
t_6375	13_2
t_6376	13_2
t_6377	13_2
t_6378	13_2
t_6379	13_2
t_6380	13_2
t_6381	13_2
t_6382	13_3
t_6383	13_3
t_6384	13_3
t_6385	13_3
t_6386	13_3
t_6387	13_3
t_6388	13_3
t_6389	13_3
t_6390	13_3
t_6391	13_3
t_6392	13_3
t_6393	13_3
t_6394	13_3
t_6395	13_3
t_6396	13_3
t_6397	13_3
t_6398	13_3
t_6399	13_3
t_6400	13_3
t_6401	13_3
t_6402	13_4
t_6403	13_4
t_6404	13_4
t_6405	13_4
t_6406	13_4
t_6407	13_4
t_6408	13_4
t_6409	13_4
t_6410	13_4
t_6411	13_4
t_6412	13_4
t_6413	13_4
t_6414	13_4
t_6415	13_4
t_6416	13_4
t_6417	13_4
t_6418	13_4
t_6419	13_4
t_6420	13_4
t_6421	13_4
t_6422	13_4
t_6423	13_4
t_6424	13_4
t_6425	13_4
t_6426	13_4
t_6427	13_4
t_6428	13_4
t_6429	13_4
t_6430	13_4
t_6431	13_4
t_6432	13_4
t_6433	13_4
t_6434	13_4
t_6435	13_4
t_6436	13_4
t_6437	13_4
t_6438	13_4
t_6439	13_4
t_6440	13_4
t_6441	13_4
t_6442	13_4
t_6443	13_4
t_6444	13_4
t_6445	13_4
t_6446	13_4
t_6447	13_4
t_6448	13_4
t_6449	13_5
t_6450	13_5
t_6451	13_5
t_6452	13_5
t_6453	13_5
t_6454	13_5
t_6455	13_5
t_6456	13_5
t_6457	13_5
t_6458	13_5
t_6459	13_5
t_6460	13_5
t_6461	13_5
t_6462	13_5
t_6463	13_5
t_6464	13_6
t_6465	13_6
t_6466	13_6
t_6467	13_6
t_6468	13_6
t_6469	13_6
t_6470	13_6
t_6471	13_6
t_6472	13_6
t_6473	13_6
t_6474	13_6
t_6475	13_6
t_6476	13_6
t_6477	13_6
t_6478	13_6
t_6479	13_6
t_6480	13_7
t_6481	13_7
t_6482	13_7
t_6483	13_7
t_6484	13_7
t_6485	13_7
t_6486	13_7
t_6487	13_7
t_6488	13_7
t_6489	13_7
t_6490	13_7
t_6491	13_7
t_6492	13_7
t_6493	13_7
t_6494	13_7
t_6495	13_7
t_6496	13_7
t_6497	13_7
t_6498	13_7
t_6499	13_7
t_6500	13_7
t_6501	13_7
t_6502	13_7
t_6503	13_7
t_6504	13_7
t_6505	13_7
t_6506	13_7
t_6507	13_7
t_6508	13_7
t_6509	13_8
t_6510	13_8
t_6511	13_8
t_6512	13_8
t_6513	13_8
t_6514	13_8
t_6515	13_8
t_6516	13_8
t_6517	13_8
t_6518	13_8
t_6519	13_8
t_6520	13_8
t_6521	13_8
t_6522	13_8
t_6523	13_8
t_6524	13_8
t_6525	13_8
t_6526	13_8
t_6527	13_9
t_6528	13_9
t_6529	13_9
t_6530	13_9
t_6531	13_9
t_6532	13_9
t_6533	13_9
t_6534	13_9
t_6535	13_9
t_6536	13_9
t_6537	13_9
t_6538	13_9
t_6539	13_9
t_6540	13_9
t_6541	13_9
t_6542	13_9
t_6543	13_9
t_6544	13_9
t_6545	13_9
t_6546	13_9
t_6547	13_9
t_6548	13_9
t_6549	13_9
t_6550	13_9
t_6551	13_9
t_6552	13_9
t_6553	13_9
t_6554	13_9
t_6555	13_9
t_6556	13_9
t_6557	13_9
t_6558	13_9
t_6559	13_9
t_6560	13_9
t_6561	13_9
t_6562	13_9
t_6563	13_9
t_6564	13_10
t_6565	13_10
t_6566	13_10
t_6567	13_10
t_6568	13_10
t_6569	13_10
t_6570	13_10
t_6571	13_10
t_6572	13_10
t_6573	13_10
t_6574	13_10
t_6575	13_10
t_6576	13_10
t_6577	13_10
t_6578	13_11
t_6579	13_11
t_6580	13_11
t_6581	13_11
t_6582	13_11
t_6583	13_11
t_6584	13_11
t_6585	13_11
t_6586	13_11
t_6587	13_11
t_6588	13_11
t_6589	13_11
t_6590	13_11
t_6591	13_11
t_6592	13_11
t_6593	13_11
t_6594	13_11
t_6595	13_11
t_6596	13_11
t_6597	13_11
t_6598	13_11
t_6599	13_11
t_6600	13_11
t_6601	13_11
t_6602	13_12
t_6603	13_12
t_6604	13_12
t_6605	13_12
t_6606	13_12
t_6607	13_12
t_6608	13_12
t_6609	13_12
t_6610	13_12
t_6611	13_12
t_6612	13_12
t_6613	13_12
t_6614	13_12
t_6615	13_12
t_6616	13_12
t_6617	13_12
t_6618	13_12
t_6619	13_12
t_6620	13_12
t_6621	13_12
t_6622	13_12
t_6623	13_12
t_6624	13_12
t_6625	13_12
t_6626	13_12
t_6627	13_13
t_6628	13_13
t_6629	13_13
t_6630	13_13
t_6631	13_13
t_6632	13_13
t_6633	13_13
t_6634	13_13
t_6635	13_13
t_6636	13_13
t_6637	13_13
t_6638	13_13
t_6639	13_13
t_6640	13_13
t_6641	13_13
t_6642	13_13
t_6643	13_13
t_6644	13_13
t_6645	13_13
t_6646	13_13
t_6647	13_13
t_6648	13_14
t_6649	13_14
t_6650	13_14
t_6651	13_14
t_6652	13_14
t_6653	13_14
t_6654	13_14
t_6655	13_14
t_6656	13_14
t_6657	13_14
t_6658	13_14
t_6659	13_14
t_6660	13_14
t_6661	13_14
t_6662	13_14
t_6663	13_14
t_6664	14_1
t_6665	14_1
t_6666	14_1
t_6667	14_1
t_6668	14_1
t_6669	14_1
t_6670	14_1
t_6671	14_1
t_6672	14_1
t_6673	14_1
t_6674	14_1
t_6675	14_1
t_6676	14_2
t_6677	14_2
t_6678	14_2
t_6679	14_2
t_6680	14_2
t_6681	14_2
t_6682	14_2
t_6683	14_2
t_6684	14_2
t_6685	14_2
t_6686	14_2
t_6687	14_2
t_6688	14_3
t_6689	14_3
t_6690	14_3
t_6691	14_3
t_6692	14_3
t_6693	14_3
t_6694	14_3
t_6695	14_3
t_6696	14_3
t_6697	14_3
t_6698	14_3
t_6699	14_3
t_6700	14_3
t_6701	14_3
t_6702	14_3
t_6703	14_3
t_6704	14_3
t_6705	14_3
t_6706	14_3
t_6707	14_3
t_6708	14_3
t_6709	14_3
t_6710	14_3
t_6711	14_4
t_6712	14_4
t_6713	14_4
t_6714	14_4
t_6715	14_4
t_6716	14_4
t_6717	14_4
t_6718	14_4
t_6719	14_4
t_6720	14_4
t_6721	14_4
t_6722	14_4
t_6723	14_4
t_6724	14_4
t_6725	14_4
t_6726	14_4
t_6727	14_4
t_6728	14_4
t_6729	14_4
t_6730	14_4
t_6731	14_4
t_6732	14_4
t_6733	14_4
t_6734	14_4
t_6735	14_4
t_6736	14_5
t_6737	14_5
t_6738	14_5
t_6739	14_5
t_6740	14_5
t_6741	14_5
t_6742	14_5
t_6743	14_5
t_6744	14_5
t_6745	14_5
t_6746	14_5
t_6747	14_5
t_6748	14_5
t_6749	14_5
t_6750	14_5
t_6751	14_5
t_6752	14_5
t_6753	14_5
t_6754	14_5
t_6755	14_5
t_6756	14_5
t_6757	14_5
t_6758	14_5
t_6759	14_6
t_6760	14_6
t_6761	14_6
t_6762	14_6
t_6763	14_6
t_6764	14_6
t_6765	14_6
t_6766	14_6
t_6767	14_6
t_6768	14_6
t_6769	14_6
t_6770	14_6
t_6771	14_6
t_6772	14_6
t_6773	14_6
t_6774	14_6
t_6775	14_6
t_6776	14_6
t_6777	14_6
t_6778	14_6
t_6779	14_6
t_6780	14_6
t_6781	14_6
t_6782	14_6
t_6783	14_6
t_6784	14_6
t_6785	14_6
t_6786	14_6
t_6787	14_6
t_6788	14_6
t_6789	14_6
t_6790	14_7
t_6791	14_7
t_6792	14_7
t_6793	14_7
t_6794	14_7
t_6795	14_7
t_6796	14_7
t_6797	14_7
t_6798	14_7
t_6799	14_7
t_6800	14_7
t_6801	14_8
t_6802	14_8
t_6803	14_8
t_6804	14_8
t_6805	14_8
t_6806	14_8
t_6807	14_8
t_6808	14_8
t_6809	14_8
t_6810	14_8
t_6811	14_8
t_6812	14_8
t_6813	14_8
t_6814	14_8
t_6815	14_8
t_6816	14_8
t_6817	14_8
t_6818	14_8
t_6819	14_8
t_6820	14_8
t_6821	14_8
t_6822	14_8
t_6823	14_8
t_6824	14_8
t_6825	14_8
t_6826	14_8
t_6827	14_8
t_6828	14_8
t_6829	14_8
t_6830	14_9
t_6831	14_9
t_6832	14_9
t_6833	14_9
t_6834	14_9
t_6835	14_9
t_6836	14_9
t_6837	14_9
t_6838	14_9
t_6839	14_9
t_6840	14_9
t_6841	14_9
t_6842	14_9
t_6843	14_9
t_6844	14_10
t_6845	14_10
t_6846	14_10
t_6847	14_10
t_6848	14_10
t_6849	14_10
t_6850	14_10
t_6851	14_10
t_6852	14_10
t_6853	14_10
t_6854	14_10
t_6855	14_10
t_6856	14_10
t_6857	14_10
t_6858	14_10
t_6859	14_10
t_6860	14_10
t_6861	14_10
t_6862	14_10
t_6863	14_10
t_6864	14_10
t_6865	14_10
t_6866	14_10
t_6867	14_10
t_6868	14_10
t_6869	14_11
t_6870	14_11
t_6871	14_11
t_6872	14_11
t_6873	14_11
t_6874	14_11
t_6875	14_11
t_6876	14_11
t_6877	14_11
t_6878	14_11
t_6879	14_11
t_6880	14_11
t_6881	14_11
t_6882	14_11
t_6883	14_11
t_6884	14_11
t_6885	14_11
t_6886	14_11
t_6887	14_11
t_6888	14_11
t_6889	14_11
t_6890	14_12
t_6891	14_12
t_6892	14_12
t_6893	14_12
t_6894	14_12
t_6895	14_12
t_6896	14_12
t_6897	14_12
t_6898	14_12
t_6899	14_12
t_6900	14_12
t_6901	14_12
t_6902	14_12
t_6903	14_12
t_6904	14_12
t_6905	14_13
t_6906	14_13
t_6907	14_13
t_6908	14_13
t_6909	14_13
t_6910	14_13
t_6911	14_13
t_6912	14_13
t_6913	14_13
t_6914	14_13
t_6915	14_13
t_6916	14_13
t_6917	14_13
t_6918	14_13
t_6919	14_13
t_6920	14_13
t_6921	14_13
t_6922	14_13
t_6923	14_13
t_6924	14_14
t_6925	14_14
t_6926	14_14
t_6927	14_14
t_6928	14_14
t_6929	14_14
t_6930	14_14
t_6931	14_14
t_6932	14_14
t_6933	14_14
t_6934	14_14
t_6935	14_14
t_6936	14_14
t_6937	14_14
t_6938	14_14
t_6939	14_14
t_6940	14_14
t_6941	14_14
t_6942	14_14
t_6943	14_14
t_6944	14_14
t_6945	14_14
t_6946	14_14
t_6947	14_15
t_6948	14_15
t_6949	14_15
t_6950	14_15
t_6951	14_15
t_6952	14_15
t_6953	14_15
t_6954	14_15
t_6955	14_15
t_6956	14_15
t_6957	14_15
t_6958	14_15
t_6959	14_15
t_6960	14_15
t_6961	14_15
t_6962	14_15
t_6963	14_15
t_6964	14_15
t_6965	14_15
t_6966	14_15
t_6967	14_15
t_6968	14_15
t_6969	14_15
t_6970	14_15
t_6971	14_15
t_6972	14_16
t_6973	14_16
t_6974	14_16
t_6975	14_16
t_6976	14_16
t_6977	14_16
t_6978	14_16
t_6979	14_17
t_6980	14_17
t_6981	14_17
t_6982	14_17
t_6983	14_17
t_6984	14_17
t_6985	14_17
t_6986	14_17
t_6987	14_17
t_6988	14_17
t_6989	14_17
t_6990	14_17
t_6991	14_17
t_6992	14_17
t_6993	14_17
t_6994	14_17
t_6995	14_17
t_6996	14_17
t_6997	14_17
t_6998	14_17
t_6999	14_17
t_7000	14_18
t_7001	14_18
t_7002	14_18
t_7003	14_18
t_7004	14_18
t_7005	14_18
t_7006	14_18
t_7007	14_18
t_7008	14_18
t_7009	14_18
t_7010	14_18
t_7011	14_18
t_7012	14_18
t_7013	14_18
t_7014	14_18
t_7015	14_19
t_7016	14_19
t_7017	14_19
t_7018	14_19
t_7019	14_19
t_7020	14_19
t_7021	14_19
t_7022	14_19
t_7023	14_19
t_7024	14_19
t_7025	14_19
t_7026	14_19
t_7027	14_19
t_7028	14_19
t_7029	14_20
t_7030	14_20
t_7031	14_20
t_7032	14_20
t_7033	14_20
t_7034	14_20
t_7035	14_20
t_7036	14_20
t_7037	14_20
t_7038	14_20
t_7039	14_20
t_7040	14_20
t_7041	14_20
t_7042	14_20
t_7043	14_20
t_7044	14_20
t_7045	14_20
t_7046	14_20
t_7047	14_20
t_7048	14_20
t_7049	14_20
t_7050	14_20
t_7051	14_21
t_7052	14_21
t_7053	14_21
t_7054	14_21
t_7055	14_21
t_7056	14_21
t_7057	14_21
t_7058	14_21
t_7059	14_21
t_7060	14_21
t_7061	14_21
t_7062	14_21
t_7063	14_21
t_7064	14_21
t_7065	14_21
t_7066	14_21
t_7067	14_21
t_7068	14_21
t_7069	14_22
t_7070	14_22
t_7071	14_22
t_7072	14_22
t_7073	14_22
t_7074	14_22
t_7075	14_22
t_7076	14_22
t_7077	14_22
t_7078	14_22
t_7079	14_22
t_7080	14_22
t_7081	14_22
t_7082	14_22
t_7083	14_22
t_7084	14_22
t_7085	14_22
t_7086	14_22
t_7087	14_22
t_7088	14_22
t_7089	14_23
t_7090	14_23
t_7091	14_23
t_7092	14_23
t_7093	14_23
t_7094	14_23
t_7095	14_23
t_7096	14_23
t_7097	14_23
t_7098	14_23
t_7099	14_23
t_7100	14_23
t_7101	14_23
t_7102	14_23
t_7103	14_23
t_7104	14_23
t_7105	14_23
t_7106	14_23
t_7107	14_23
t_7108	14_23
t_7109	14_23
t_7110	15_1
t_7111	15_1
t_7112	15_1
t_7113	15_1
t_7114	15_1
t_7115	15_1
t_7116	15_1
t_7117	15_1
t_7118	15_1
t_7119	15_1
t_7120	15_1
t_7121	15_1
t_7122	15_1
t_7123	15_1
t_7124	15_1
t_7125	15_1
t_7126	15_2
t_7127	15_2
t_7128	15_2
t_7129	15_2
t_7130	15_2
t_7131	15_2
t_7132	15_2
t_7133	15_2
t_7134	15_2
t_7135	15_2
t_7136	15_2
t_7137	15_3
t_7138	15_3
t_7139	15_3
t_7140	15_3
t_7141	15_3
t_7142	15_3
t_7143	15_3
t_7144	15_3
t_7145	15_3
t_7146	15_3
t_7147	15_3
t_7148	15_3
t_7149	15_3
t_7150	15_3
t_7151	15_3
t_7152	15_3
t_7153	15_3
t_7154	15_3
t_7155	15_3
t_7156	15_3
t_7157	15_4
t_7158	15_4
t_7159	15_4
t_7160	15_4
t_7161	15_4
t_7162	15_4
t_7163	15_4
t_7164	15_4
t_7165	15_4
t_7166	15_4
t_7167	15_4
t_7168	15_4
t_7169	15_4
t_7170	15_4
t_7171	15_4
t_7172	15_4
t_7173	15_4
t_7174	15_4
t_7175	15_4
t_7176	15_4
t_7177	15_4
t_7178	15_4
t_7179	15_4
t_7180	15_4
t_7181	15_4
t_7182	15_4
t_7183	15_4
t_7184	15_5
t_7185	15_5
t_7186	15_5
t_7187	15_5
t_7188	15_5
t_7189	15_5
t_7190	15_5
t_7191	15_5
t_7192	15_5
t_7193	15_5
t_7194	15_5
t_7195	15_5
t_7196	15_5
t_7197	15_5
t_7198	15_5
t_7199	15_5
t_7200	15_5
t_7201	15_5
t_7202	15_5
t_7203	15_6
t_7204	15_6
t_7205	15_6
t_7206	15_6
t_7207	15_6
t_7208	15_6
t_7209	15_6
t_7210	15_6
t_7211	15_6
t_7212	15_6
t_7213	15_6
t_7214	15_6
t_7215	15_6
t_7216	15_6
t_7217	15_6
t_7218	15_6
t_7219	15_7
t_7220	15_7
t_7221	15_7
t_7222	15_7
t_7223	15_7
t_7224	15_7
t_7225	15_7
t_7226	15_7
t_7227	15_7
t_7228	15_7
t_7229	15_7
t_7230	15_7
t_7231	15_7
t_7232	15_7
t_7233	15_7
t_7234	15_7
t_7235	15_8
t_7236	15_8
t_7237	15_8
t_7238	15_8
t_7239	15_8
t_7240	15_8
t_7241	15_8
t_7242	15_8
t_7243	15_8
t_7244	15_8
t_7245	15_8
t_7246	15_8
t_7247	15_8
t_7248	15_8
t_7249	15_8
t_7250	15_8
t_7251	15_8
t_7252	15_8
t_7253	15_9
t_7254	15_9
t_7255	15_9
t_7256	15_9
t_7257	15_9
t_7258	15_9
t_7259	15_9
t_7260	15_9
t_7261	15_9
t_7262	15_9
t_7263	15_9
t_7264	15_9
t_7265	15_9
t_7266	15_9
t_7267	15_9
t_7268	15_9
t_7269	15_9
t_7270	15_9
t_7271	15_9
t_7272	15_9
t_7273	15_9
t_7274	15_9
t_7275	15_9
t_7276	15_9
t_7277	15_10
t_7278	15_10
t_7279	15_10
t_7280	15_10
t_7281	15_10
t_7282	15_10
t_7283	15_10
t_7284	15_10
t_7285	15_10
t_7286	15_10
t_7287	15_10
t_7288	15_10
t_7289	15_11
t_7290	15_11
t_7291	15_11
t_7292	15_11
t_7293	15_11
t_7294	15_11
t_7295	15_11
t_7296	15_11
t_7297	15_11
t_7298	15_11
t_7299	15_11
t_7300	15_11
t_7301	15_11
t_7302	15_11
t_7303	15_11
t_7304	15_11
t_7305	15_11
t_7306	15_11
t_7307	15_12
t_7308	15_12
t_7309	15_12
t_7310	15_12
t_7311	15_12
t_7312	15_12
t_7313	15_12
t_7314	15_12
t_7315	15_12
t_7316	15_12
t_7317	15_12
t_7318	15_12
t_7319	15_12
t_7320	15_12
t_7321	15_12
t_7322	15_12
t_7323	15_12
t_7324	15_12
t_7325	15_12
t_7326	15_12
t_7327	15_12
t_7328	15_13
t_7329	15_13
t_7330	15_13
t_7331	15_13
t_7332	15_13
t_7333	15_13
t_7334	15_13
t_7335	15_13
t_7336	15_13
t_7337	15_13
t_7338	15_13
t_7339	15_13
t_7340	15_13
t_7341	15_13
t_7342	15_13
t_7343	15_13
t_7344	15_13
t_7345	15_13
t_7346	15_13
t_7347	15_13
t_7348	15_13
t_7349	15_13
t_7350	15_13
t_7351	15_13
t_7352	15_13
t_7353	15_13
t_7354	15_13
t_7355	15_14
t_7356	15_14
t_7357	15_14
t_7358	15_14
t_7359	15_14
t_7360	15_14
t_7361	15_14
t_7362	15_14
t_7363	15_14
t_7364	15_14
t_7365	15_14
t_7366	15_14
t_7367	15_14
t_7368	15_14
t_7369	15_14
t_7370	15_14
t_7371	15_14
t_7372	15_14
t_7373	15_14
t_7374	15_14
t_7375	15_14
t_7376	15_14
t_7377	15_14
t_7378	15_14
t_7379	15_14
t_7380	15_14
t_7381	15_14
t_7382	15_14
t_7383	15_14
t_7384	15_15
t_7385	15_15
t_7386	15_15
t_7387	15_15
t_7388	15_15
t_7389	15_15
t_7390	15_15
t_7391	15_15
t_7392	15_15
t_7393	15_15
t_7394	15_15
t_7395	15_15
t_7396	15_15
t_7397	15_15
t_7398	15_15
t_7399	15_15
t_7400	15_15
t_7401	15_15
t_7402	15_15
t_7403	15_15
t_7404	15_16
t_7405	15_16
t_7406	15_16
t_7407	15_16
t_7408	15_16
t_7409	15_16
t_7410	15_16
t_7411	15_16
t_7412	15_16
t_7413	15_16
t_7414	15_16
t_7415	15_16
t_7416	15_16
t_7417	15_16
t_7418	15_16
t_7419	15_16
t_7420	15_16
t_7421	15_16
t_7422	15_16
t_7423	15_16
t_7424	15_16
t_7425	15_16
t_7426	15_16
t_7427	15_16
t_7428	15_16
t_7429	15_16
t_7430	15_16
t_7431	15_16
t_7432	15_16
t_7433	15_16
t_7434	15_17
t_7435	15_17
t_7436	15_17
t_7437	15_17
t_7438	15_17
t_7439	15_17
t_7440	15_17
t_7441	15_17
t_7442	15_17
t_7443	15_17
t_7444	15_17
t_7445	15_17
t_7446	15_17
t_7447	15_17
t_7448	15_18
t_7449	15_18
t_7450	15_18
t_7451	15_18
t_7452	15_18
t_7453	15_18
t_7454	15_18
t_7455	15_18
t_7456	15_18
t_7457	15_18
t_7458	15_18
t_7459	15_18
t_7460	15_18
t_7461	15_18
t_7462	15_18
t_7463	15_18
t_7464	15_18
t_7465	15_18
t_7466	15_18
t_7467	15_19
t_7468	15_19
t_7469	15_19
t_7470	15_19
t_7471	15_19
t_7472	15_19
t_7473	15_19
t_7474	15_19
t_7475	15_19
t_7476	15_19
t_7477	15_19
t_7478	15_19
t_7479	15_19
t_7480	15_19
t_7481	15_19
t_7482	15_19
t_7483	15_19
t_7484	15_19
t_7485	15_19
t_7486	15_19
t_7487	15_19
t_7488	15_19
t_7489	15_19
t_7490	15_19
t_7491	15_19
t_7492	15_19
t_7493	15_19
t_7494	15_19
t_7495	15_20
t_7496	15_20
t_7497	15_20
t_7498	15_20
t_7499	15_20
t_7500	15_20
t_7501	15_20
t_7502	15_20
t_7503	15_20
t_7504	15_20
t_7505	15_20
t_7506	15_20
t_7507	15_20
t_7508	15_20
t_7509	15_20
t_7510	15_20
t_7511	15_21
t_7512	15_21
t_7513	15_21
t_7514	15_21
t_7515	15_21
t_7516	15_21
t_7517	15_21
t_7518	15_21
t_7519	15_21
t_7520	15_21
t_7521	15_21
t_7522	15_21
t_7523	15_21
t_7524	15_21
t_7525	15_21
t_7526	15_21
t_7527	15_22
t_7528	15_22
t_7529	15_22
t_7530	15_22
t_7531	15_22
t_7532	15_22
t_7533	15_22
t_7534	15_22
t_7535	15_22
t_7536	15_22
t_7537	15_23
t_7538	15_23
t_7539	15_23
t_7540	15_23
t_7541	15_23
t_7542	15_23
t_7543	15_23
t_7544	15_23
t_7545	15_23
t_7546	15_23
t_7547	15_23
t_7548	15_23
t_7549	15_23
t_7550	15_23
t_7551	15_23
t_7552	15_23
t_7553	15_23
t_7554	15_23
t_7555	15_23
t_7556	15_23
t_7557	15_23
t_7558	15_24
t_7559	15_24
t_7560	15_24
t_7561	15_24
t_7562	15_24
t_7563	15_24
t_7564	15_24
t_7565	15_24
t_7566	15_24
t_7567	15_24
t_7568	15_24
t_7569	15_24
t_7570	15_24
t_7571	15_24
t_7572	15_24
t_7573	15_24
t_7574	15_24
t_7575	15_24
t_7576	15_24
t_7577	15_24
t_7578	15_24
t_7579	15_24
t_7580	15_24
t_7581	15_24
t_7582	15_24
t_7583	15_25
t_7584	15_25
t_7585	15_25
t_7586	15_25
t_7587	15_25
t_7588	15_25
t_7589	15_25
t_7590	15_25
t_7591	15_25
t_7592	15_26
t_7593	15_26
t_7594	15_26
t_7595	15_26
t_7596	15_26
t_7597	15_26
t_7598	15_26
t_7599	15_26
t_7600	15_26
t_7601	15_26
t_7602	15_26
t_7603	15_26
t_7604	15_26
t_7605	15_26
t_7606	15_26
t_7607	15_26
t_7608	15_26
t_7609	15_27
t_7610	15_27
t_7611	15_27
t_7612	15_27
t_7613	15_27
t_7614	15_27
t_7615	15_27
t_7616	15_27
t_7617	15_27
t_7618	15_27
t_7619	15_27
t_7620	15_27
t_7621	15_27
t_7622	15_27
t_7623	15_27
t_7624	15_27
t_7625	15_27
t_7626	15_27
t_7627	15_27
t_7628	15_27
t_7629	15_27
t_7630	15_27
t_7631	15_27
t_7632	15_27
t_7633	15_27
t_7634	15_28
t_7635	15_28
t_7636	15_28
t_7637	15_28
t_7638	15_28
t_7639	15_28
t_7640	15_28
t_7641	15_28
t_7642	15_28
t_7643	15_28
t_7644	15_28
t_7645	15_28
t_7646	15_28
t_7647	15_28
t_7648	15_28
t_7649	15_28
t_7650	15_28
t_7651	15_29
t_7652	15_29
t_7653	15_29
t_7654	15_29
t_7655	15_29
t_7656	15_29
t_7657	15_29
t_7658	15_29
t_7659	15_29
t_7660	15_29
t_7661	15_29
t_7662	15_29
t_7663	15_30
t_7664	15_30
t_7665	15_30
t_7666	15_30
t_7667	15_30
t_7668	15_30
t_7669	15_30
t_7670	15_30
t_7671	15_30
t_7672	15_30
t_7673	15_30
t_7674	15_30
t_7675	15_30
t_7676	15_30
t_7677	15_30
t_7678	15_30
t_7679	15_30
t_7680	15_30
t_7681	15_30
t_7682	15_30
t_7683	15_30
t_7684	15_30
t_7685	15_30
t_7686	15_30
t_7687	15_30
t_7688	15_30
t_7689	15_30
t_7690	15_30
t_7691	15_30
t_7692	15_30
t_7693	15_30
t_7694	15_31
t_7695	15_31
t_7696	15_31
t_7697	15_31
t_7698	15_31
t_7699	15_31
t_7700	15_31
t_7701	15_31
t_7702	15_31
t_7703	15_31
t_7704	15_31
t_7705	15_31
t_7706	15_31
t_7707	15_31
t_7708	15_31
t_7709	15_31
t_7710	15_31
t_7711	15_31
t_7712	15_31
t_7713	15_31
t_7714	15_32
t_7715	15_32
t_7716	15_32
t_7717	15_32
t_7718	15_32
t_7719	15_32
t_7720	15_32
t_7721	15_32
t_7722	15_32
t_7723	15_32
t_7724	15_32
t_7725	15_32
t_7726	15_33
t_7727	15_33
t_7728	15_33
t_7729	15_33
t_7730	15_33
t_7731	15_33
t_7732	15_33
t_7733	15_33
t_7734	15_33
t_7735	15_33
t_7736	15_33
t_7737	16_1
t_7738	16_1
t_7739	16_1
t_7740	16_1
t_7741	16_1
t_7742	16_1
t_7743	16_1
t_7744	16_1
t_7745	16_1
t_7746	16_1
t_7747	16_1
t_7748	16_1
t_7749	16_1
t_7750	16_1
t_7751	16_1
t_7752	16_1
t_7753	16_1
t_7754	16_1
t_7755	16_1
t_7756	16_2
t_7757	16_2
t_7758	16_2
t_7759	16_2
t_7760	16_2
t_7761	16_2
t_7762	16_2
t_7763	16_2
t_7764	16_2
t_7765	16_2
t_7766	16_2
t_7767	16_2
t_7768	16_2
t_7769	16_2
t_7770	16_2
t_7771	16_2
t_7772	16_2
t_7773	16_2
t_7774	16_2
t_7775	16_2
t_7776	16_2
t_7777	16_2
t_7778	16_2
t_7779	16_2
t_7780	16_2
t_7781	16_2
t_7782	16_2
t_7783	16_2
t_7784	16_2
t_7785	16_3
t_7786	16_3
t_7787	16_3
t_7788	16_3
t_7789	16_3
t_7790	16_3
t_7791	16_3
t_7792	16_3
t_7793	16_3
t_7794	16_3
t_7795	16_3
t_7796	16_4
t_7797	16_4
t_7798	16_4
t_7799	16_4
t_7800	16_4
t_7801	16_4
t_7802	16_4
t_7803	16_4
t_7804	16_4
t_7805	16_4
t_7806	16_4
t_7807	16_4
t_7808	16_4
t_7809	16_4
t_7810	16_4
t_7811	16_4
t_7812	16_4
t_7813	16_4
t_7814	16_4
t_7815	16_4
t_7816	16_4
t_7817	16_4
t_7818	16_4
t_7819	16_5
t_7820	16_5
t_7821	16_5
t_7822	16_5
t_7823	16_5
t_7824	16_5
t_7825	16_5
t_7826	16_5
t_7827	16_5
t_7828	16_5
t_7829	16_5
t_7830	16_5
t_7831	16_5
t_7832	16_5
t_7833	16_5
t_7834	16_5
t_7835	16_5
t_7836	16_5
t_7837	16_5
t_7838	16_5
t_7839	16_5
t_7840	16_6
t_7841	16_6
t_7842	16_6
t_7843	16_6
t_7844	16_6
t_7845	16_6
t_7846	16_6
t_7847	16_6
t_7848	16_6
t_7849	16_7
t_7850	16_7
t_7851	16_7
t_7852	16_7
t_7853	16_7
t_7854	16_7
t_7855	16_7
t_7856	16_7
t_7857	16_7
t_7858	16_7
t_7859	16_7
t_7860	16_7
t_7861	16_7
t_7862	16_7
t_7863	16_7
t_7864	16_7
t_7865	16_7
t_7866	16_7
t_7867	16_7
t_7868	16_7
t_7869	16_7
t_7870	16_7
t_7871	16_7
t_7872	16_7
t_7873	16_7
t_7874	16_7
t_7875	16_8
t_7876	16_8
t_7877	16_8
t_7878	16_8
t_7879	16_8
t_7880	16_8
t_7881	16_8
t_7882	16_8
t_7883	16_9
t_7884	16_9
t_7885	16_9
t_7886	16_9
t_7887	16_9
t_7888	16_9
t_7889	16_9
t_7890	16_9
t_7891	16_9
t_7892	16_9
t_7893	16_9
t_7894	16_9
t_7895	16_9
t_7896	16_10
t_7897	16_10
t_7898	16_10
t_7899	16_10
t_7900	16_10
t_7901	16_10
t_7902	16_10
t_7903	16_10
t_7904	16_10
t_7905	16_10
t_7906	16_10
t_7907	16_10
t_7908	16_10
t_7909	16_11
t_7910	16_11
t_7911	16_11
t_7912	16_11
t_7913	16_11
t_7914	16_11
t_7915	16_11
t_7916	16_11
t_7917	16_11
t_7918	16_11
t_7919	16_11
t_7920	16_11
t_7921	16_11
t_7922	16_11
t_7923	16_11
t_7924	16_11
t_7925	16_12
t_7926	16_12
t_7927	16_12
t_7928	16_12
t_7929	16_12
t_7930	16_12
t_7931	16_12
t_7932	16_12
t_7933	16_12
t_7934	16_12
t_7935	16_12
t_7936	16_12
t_7937	16_12
t_7938	16_12
t_7939	16_12
t_7940	16_12
t_7941	16_12
t_7942	16_12
t_7943	16_12
t_7944	16_12
t_7945	16_13
t_7946	16_13
t_7947	16_13
t_7948	16_13
t_7949	16_13
t_7950	16_13
t_7951	16_13
t_7952	16_13
t_7953	16_13
t_7954	16_13
t_7955	16_13
t_7956	16_13
t_7957	16_13
t_7958	16_14
t_7959	16_14
t_7960	16_14
t_7961	16_14
t_7962	16_14
t_7963	16_14
t_7964	16_14
t_7965	16_14
t_7966	16_14
t_7967	16_14
t_7968	16_14
t_7969	16_14
t_7970	16_14
t_7971	16_14
t_7972	16_14
t_7973	16_14
t_7974	16_14
t_7975	16_15
t_7976	16_15
t_7977	16_15
t_7978	16_15
t_7979	16_15
t_7980	16_15
t_7981	16_15
t_7982	16_15
t_7983	16_15
t_7984	16_15
t_7985	16_15
t_7986	16_15
t_7987	16_15
t_7988	16_15
t_7989	16_15
t_7990	16_15
t_7991	16_15
t_7992	16_15
t_7993	16_15
t_7994	16_15
t_7995	16_15
t_7996	16_16
t_7997	16_16
t_7998	16_16
t_7999	16_16
t_8000	16_16
t_8001	16_16
t_8002	16_16
t_8003	16_16
t_8004	16_16
t_8005	16_16
t_8006	16_16
t_8007	16_16
t_8008	16_16
t_8009	16_16
t_8010	16_17
t_8011	16_17
t_8012	16_17
t_8013	16_17
t_8014	16_17
t_8015	16_17
t_8016	16_17
t_8017	16_17
t_8018	16_17
t_8019	16_17
t_8020	16_17
t_8021	16_17
t_8022	16_17
t_8023	16_17
t_8024	16_17
t_8025	16_17
t_8026	16_17
t_8027	16_17
t_8028	16_17
t_8029	16_17
t_8030	16_17
t_8031	16_17
t_8032	16_17
t_8033	16_17
t_8034	16_17
t_8035	16_17
t_8036	16_18
t_8037	16_18
t_8038	16_18
t_8039	16_18
t_8040	16_18
t_8041	16_18
t_8042	16_18
t_8043	16_18
t_8044	16_18
t_8045	16_18
t_8046	16_18
t_8047	16_18
t_8048	16_18
t_8049	16_18
t_8050	16_18
t_8051	16_18
t_8052	16_18
t_8053	16_18
t_8054	16_18
t_8055	16_18
t_8056	16_18
t_8057	16_18
t_8058	16_18
t_8059	16_18
t_8060	16_18
t_8061	16_18
t_8062	16_19
t_8063	16_19
t_8064	16_19
t_8065	16_19
t_8066	16_19
t_8067	16_19
t_8068	16_19
t_8069	16_19
t_8070	16_19
t_8071	16_19
t_8072	16_19
t_8073	16_19
t_8074	16_19
t_8075	16_19
t_8076	16_19
t_8077	16_19
t_8078	16_19
t_8079	16_19
t_8080	16_19
t_8081	16_19
t_8082	16_19
t_8083	16_19
t_8084	16_19
t_8085	16_19
t_8086	16_19
t_8087	16_19
t_8088	16_19
t_8089	16_19
t_8090	16_19
t_8091	16_19
t_8092	16_19
t_8093	16_20
t_8094	16_20
t_8095	16_20
t_8096	16_20
t_8097	16_20
t_8098	16_20
t_8099	16_20
t_8100	16_20
t_8101	16_20
t_8102	16_20
t_8103	16_20
t_8104	16_20
t_8105	16_20
t_8106	16_20
t_8107	16_20
t_8108	16_20
t_8109	16_20
t_8110	16_20
t_8111	16_20
t_8112	16_20
t_8113	16_20
t_8114	16_20
t_8115	16_20
t_8116	16_20
t_8117	16_21
t_8118	16_21
t_8119	16_21
t_8120	16_21
t_8121	16_21
t_8122	16_21
t_8123	16_21
t_8124	16_21
t_8125	16_21
t_8126	16_21
t_8127	16_21
t_8128	16_21
t_8129	16_21
t_8130	16_21
t_8131	16_21
t_8132	16_21
t_8133	16_21
t_8134	16_21
t_8135	16_21
t_8136	16_22
t_8137	16_22
t_8138	16_22
t_8139	16_22
t_8140	16_22
t_8141	16_22
t_8142	16_22
t_8143	16_22
t_8144	16_22
t_8145	16_22
t_8146	16_22
t_8147	16_23
t_8148	16_23
t_8149	16_23
t_8150	16_23
t_8151	16_23
t_8152	16_23
t_8153	16_23
t_8154	16_23
t_8155	16_23
t_8156	16_23
t_8157	16_23
t_8158	16_23
t_8159	16_23
t_8160	16_23
t_8161	16_23
t_8162	16_23
t_8163	16_23
t_8164	16_23
t_8165	16_23
t_8166	16_23
t_8167	16_23
t_8168	16_23
t_8169	16_23
t_8170	16_25
t_8171	16_25
t_8172	16_25
t_8173	16_25
t_8174	16_25
t_8175	16_25
t_8176	16_25
t_8177	16_25
t_8178	16_25
t_8179	16_25
t_8180	16_25
t_8181	16_25
t_8182	16_25
t_8183	16_25
t_8184	16_25
t_8185	16_25
t_8186	16_25
t_8187	16_25
t_8188	16_25
t_8189	16_25
t_8190	16_25
t_8191	16_26
t_8192	16_26
t_8193	16_26
t_8194	16_26
t_8195	16_26
t_8196	16_26
t_8197	16_26
t_8198	16_26
t_8199	16_26
t_8200	16_26
t_8201	16_26
t_8202	16_26
t_8203	16_26
t_8204	16_26
t_8205	16_26
t_8206	16_26
t_8207	16_26
t_8208	16_26
t_8209	16_26
t_8210	16_26
t_8211	16_26
t_8212	16_27
t_8213	16_27
t_8214	16_27
t_8215	16_27
t_8216	16_27
t_8217	16_27
t_8218	16_27
t_8219	16_27
t_8220	16_27
t_8221	16_27
t_8222	16_27
t_8223	16_27
t_8224	16_27
t_8225	16_27
t_8226	16_27
t_8227	16_27
t_8228	16_27
